breach_id,detected_at,event_id,user_id,user_role,action,resource,flags,severity,severity_level,notify_by,notify_hrs,records_at_risk,phi_elements,notify_hhs,notify_media,status,description
BRH000001,2026-06-07T16:07:33.031922,EVT00000007,USR003,DATA_ANALYST,FAILED_LOGIN,DISCHARGE_SUMMARY,['FAILED_AUTHENTICATION'],MEDIUM,2,2026-06-14T16:07:33.031922,168,27,"['Patient Name', 'Date of Birth', 'Medical Record Number', 'Diagnosis Codes (ICD-10)', 'Lab Results (LOINC)', 'Medications (RxNorm)', 'Clinical Notes']",False,False,OPEN,Notify within 7 days
BRH000002,2026-06-07T16:07:33.031922,EVT00000009,USR005,ADMIN,FAILED_LOGIN,PRESCRIPTIONS,['FAILED_AUTHENTICATION'],MEDIUM,2,2026-06-14T16:07:33.031922,168,9,"['Patient Name', 'Date of Birth', 'Medical Record Number']",False,False,OPEN,Notify within 7 days
BRH000003,2026-06-07T16:07:33.031922,EVT00000011,USR004,BILLING,DELETE,CLINICAL_NOTES,['PHI_DELETION_ATTEMPT'],HIGH,3,2026-06-10T16:07:33.031922,72,13,"['Patient Name', 'Date of Birth', 'Medical Record Number', 'Diagnosis Codes (ICD-10)', 'Lab Results (LOINC)', 'Medications (RxNorm)', 'Clinical Notes']",False,False,OPEN,Notify within 72 hours
BRH000004,2026-06-07T16:07:33.031922,EVT00000015,USR005,ADMIN,UPDATE,DISCHARGE_SUMMARY,['UNAUTHORIZED_PHI_ACCESS'],CRITICAL,4,2026-06-08T16:07:33.031922,24,1,"['Patient Name', 'Date of Birth', 'Medical Record Number', 'Diagnosis Codes (ICD-10)', 'Lab Results (LOINC)', 'Medications (RxNorm)', 'Clinical Notes']",False,False,OPEN,Immediate notification required
BRH000005,2026-06-07T16:07:33.031922,EVT00000016,USR003,DATA_ANALYST,READ,PATIENT_DEMOGRAPHICS,['CLEARANCE_EXCEEDED'],HIGH,3,2026-06-10T16:07:33.031922,72,23,"['Patient Name', 'Date of Birth', 'Medical Record Number']",False,False,OPEN,Notify within 72 hours
BRH000006,2026-06-07T16:07:33.031922,EVT00000017,USR005,ADMIN,WRITE,CLINICAL_NOTES,['UNAUTHORIZED_PHI_ACCESS'],CRITICAL,4,2026-06-08T16:07:33.031922,24,48,"['Patient Name', 'Date of Birth', 'Medical Record Number', 'Diagnosis Codes (ICD-10)', 'Lab Results (LOINC)', 'Medications (RxNorm)', 'Clinical Notes']",False,False,OPEN,Immediate notification required
BRH000007,2026-06-07T16:07:33.031922,EVT00000018,USR003,DATA_ANALYST,FAILED_LOGIN,PATIENT_DEMOGRAPHICS,"['FAILED_AUTHENTICATION', 'CLEARANCE_EXCEEDED']",HIGH,3,2026-06-10T16:07:33.031922,72,1,"['Patient Name', 'Date of Birth', 'Medical Record Number']",False,False,OPEN,Notify within 72 hours
BRH000008,2026-06-07T16:07:33.031922,EVT00000019,USR005,ADMIN,READ,INSURANCE_CLAIMS,['UNAUTHORIZED_PHI_ACCESS'],CRITICAL,4,2026-06-08T16:07:33.031922,24,19,"['Patient Name', 'Date of Birth', 'Medical Record Number']",False,False,OPEN,Immediate notification required
BRH000009,2026-06-07T16:07:33.031922,EVT00000022,USR003,DATA_ANALYST,EXPORT,PATIENT_DEMOGRAPHICS,['CLEARANCE_EXCEEDED'],HIGH,3,2026-06-10T16:07:33.031922,72,17,"['Patient Name', 'Date of Birth', 'Medical Record Number']",False,False,OPEN,Notify within 72 hours
BRH000010,2026-06-07T16:07:33.031922,EVT00000024,USR007,IT_SUPPORT,READ,EHR_FULL_RECORD,['UNAUTHORIZED_PHI_ACCESS'],CRITICAL,4,2026-06-08T16:07:33.031922,24,2,"['Patient Name', 'Date of Birth', 'Medical Record Number', 'Diagnosis Codes (ICD-10)', 'Lab Results (LOINC)', 'Medications (RxNorm)', 'Clinical Notes']",False,False,OPEN,Immediate notification required
BRH000011,2026-06-07T16:07:33.031922,EVT00000031,USR005,ADMIN,PRINT,PRESCRIPTIONS,['UNAUTHORIZED_PHI_ACCESS'],CRITICAL,4,2026-06-08T16:07:33.031922,24,17,"['Patient Name', 'Date of Birth', 'Medical Record Number']",False,False,OPEN,Immediate notification required
BRH000012,2026-06-07T16:07:33.031922,EVT00000035,USR001,PHYSICIAN,DELETE,PATIENT_DEMOGRAPHICS,['PHI_DELETION_ATTEMPT'],HIGH,3,2026-06-10T16:07:33.031922,72,1,"['Patient Name', 'Date of Birth', 'Medical Record Number']",False,False,OPEN,Notify within 72 hours
BRH000013,2026-06-07T16:07:33.031922,EVT00000037,USR008,EXTERNAL,READ,EHR_FULL_RECORD,"['UNAUTHORIZED_PHI_ACCESS', 'EXTERNAL_CLINICAL_ACCESS']",CRITICAL,4,2026-06-08T16:07:33.031922,24,7,"['Patient Name', 'Date of Birth', 'Medical Record Number', 'Diagnosis Codes (ICD-10)', 'Lab Results (LOINC)', 'Medications (RxNorm)', 'Clinical Notes']",False,False,OPEN,Immediate notification required
BRH000014,2026-06-07T16:07:33.031922,EVT00000045,USR008,EXTERNAL,UNAUTHORIZED_ACCESS,CLINICAL_NOTES,"['UNAUTHORIZED_PHI_ACCESS', 'EXTERNAL_CLINICAL_ACCESS']",CRITICAL,4,2026-06-08T16:07:33.031922,24,42,"['Patient Name', 'Date of Birth', 'Medical Record Number', 'Diagnosis Codes (ICD-10)', 'Lab Results (LOINC)', 'Medications (RxNorm)', 'Clinical Notes']",False,False,OPEN,Immediate notification required
BRH000015,2026-06-07T16:07:33.031922,EVT00000048,USR002,NURSE,DELETE,LAB_RESULTS,['PHI_DELETION_ATTEMPT'],HIGH,3,2026-06-10T16:07:33.031922,72,14,"['Patient Name', 'Date of Birth', 'Medical Record Number', 'Diagnosis Codes (ICD-10)', 'Lab Results (LOINC)', 'Medications (RxNorm)', 'Clinical Notes']",False,False,OPEN,Notify within 72 hours
BRH000016,2026-06-07T16:07:33.031922,EVT00000049,USR005,ADMIN,READ,INSURANCE_CLAIMS,['UNAUTHORIZED_PHI_ACCESS'],CRITICAL,4,2026-06-08T16:07:33.031922,24,23,"['Patient Name', 'Date of Birth', 'Medical Record Number']",False,False,OPEN,Immediate notification required
BRH000017,2026-06-07T16:07:33.031922,EVT00000052,USR003,DATA_ANALYST,WRITE,PATIENT_DEMOGRAPHICS,['CLEARANCE_EXCEEDED'],HIGH,3,2026-06-10T16:07:33.031922,72,11,"['Patient Name', 'Date of Birth', 'Medical Record Number']",False,False,OPEN,Notify within 72 hours
BRH000018,2026-06-07T16:07:33.031922,EVT00000056,USR008,EXTERNAL,PRINT,DISCHARGE_SUMMARY,['UNAUTHORIZED_PHI_ACCESS'],CRITICAL,4,2026-06-08T16:07:33.031922,24,27,"['Patient Name', 'Date of Birth', 'Medical Record Number', 'Diagnosis Codes (ICD-10)', 'Lab Results (LOINC)', 'Medications (RxNorm)', 'Clinical Notes']",False,False,OPEN,Immediate notification required
BRH000019,2026-06-07T16:07:33.031922,EVT00000057,USR005,ADMIN,WRITE,PRESCRIPTIONS,['UNAUTHORIZED_PHI_ACCESS'],CRITICAL,4,2026-06-08T16:07:33.031922,24,12,"['Patient Name', 'Date of Birth', 'Medical Record Number']",False,False,OPEN,Immediate notification required
BRH000020,2026-06-07T16:07:33.031922,EVT00000061,USR002,NURSE,FAILED_LOGIN,IMAGING_REPORTS,['FAILED_AUTHENTICATION'],MEDIUM,2,2026-06-14T16:07:33.031922,168,7,"['Patient Name', 'Date of Birth', 'Medical Record Number', 'Diagnosis Codes (ICD-10)', 'Lab Results (LOINC)', 'Medications (RxNorm)', 'Clinical Notes']",False,False,OPEN,Notify within 7 days
BRH000021,2026-06-07T16:07:33.031922,EVT00000062,USR001,PHYSICIAN,FAILED_LOGIN,INSURANCE_CLAIMS,['FAILED_AUTHENTICATION'],MEDIUM,2,2026-06-14T16:07:33.031922,168,5,"['Patient Name', 'Date of Birth', 'Medical Record Number']",False,False,OPEN,Notify within 7 days
BRH000022,2026-06-07T16:07:33.031922,EVT00000066,USR007,IT_SUPPORT,UPDATE,CLINICAL_NOTES,['UNAUTHORIZED_PHI_ACCESS'],CRITICAL,4,2026-06-08T16:07:33.031922,24,28,"['Patient Name', 'Date of Birth', 'Medical Record Number', 'Diagnosis Codes (ICD-10)', 'Lab Results (LOINC)', 'Medications (RxNorm)', 'Clinical Notes']",False,False,OPEN,Immediate notification required
BRH000023,2026-06-07T16:07:33.031922,EVT00000073,USR004,BILLING,EXPORT,EHR_FULL_RECORD,['BULK_PHI_EXPORT'],CRITICAL,4,2026-06-08T16:07:33.031922,24,767,"['Patient Name', 'Date of Birth', 'Medical Record Number', 'Diagnosis Codes (ICD-10)', 'Lab Results (LOINC)', 'Medications (RxNorm)', 'Clinical Notes']",True,True,OPEN,Immediate notification required
BRH000024,2026-06-07T16:07:33.031922,EVT00000074,USR003,DATA_ANALYST,READ,PATIENT_DEMOGRAPHICS,['CLEARANCE_EXCEEDED'],HIGH,3,2026-06-10T16:07:33.031922,72,19,"['Patient Name', 'Date of Birth', 'Medical Record Number']",False,False,OPEN,Notify within 72 hours
BRH000025,2026-06-07T16:07:33.031922,EVT00000075,USR006,RESEARCHER,DELETE,EHR_FULL_RECORD,['PHI_DELETION_ATTEMPT'],HIGH,3,2026-06-10T16:07:33.031922,72,17,"['Patient Name', 'Date of Birth', 'Medical Record Number', 'Diagnosis Codes (ICD-10)', 'Lab Results (LOINC)', 'Medications (RxNorm)', 'Clinical Notes']",False,False,OPEN,Notify within 72 hours
BRH000026,2026-06-07T16:07:33.031922,EVT00000086,USR008,EXTERNAL,UPDATE,DISCHARGE_SUMMARY,['UNAUTHORIZED_PHI_ACCESS'],CRITICAL,4,2026-06-08T16:07:33.031922,24,17,"['Patient Name', 'Date of Birth', 'Medical Record Number', 'Diagnosis Codes (ICD-10)', 'Lab Results (LOINC)', 'Medications (RxNorm)', 'Clinical Notes']",False,False,OPEN,Immediate notification required
BRH000027,2026-06-07T16:07:33.031922,EVT00000089,USR003,DATA_ANALYST,EXPORT,PATIENT_DEMOGRAPHICS,['CLEARANCE_EXCEEDED'],HIGH,3,2026-06-10T16:07:33.031922,72,18,"['Patient Name', 'Date of Birth', 'Medical Record Number']",False,False,OPEN,Notify within 72 hours
BRH000028,2026-06-07T16:07:33.031922,EVT00000090,USR005,ADMIN,DELETE,PATIENT_DEMOGRAPHICS,"['UNAUTHORIZED_PHI_ACCESS', 'PHI_DELETION_ATTEMPT']",CRITICAL,4,2026-06-08T16:07:33.031922,24,14,"['Patient Name', 'Date of Birth', 'Medical Record Number']",False,False,OPEN,Immediate notification required
BRH000029,2026-06-07T16:07:33.031922,EVT00000093,USR005,ADMIN,READ,INSURANCE_CLAIMS,['UNAUTHORIZED_PHI_ACCESS'],CRITICAL,4,2026-06-08T16:07:33.031922,24,19,"['Patient Name', 'Date of Birth', 'Medical Record Number']",False,False,OPEN,Immediate notification required
BRH000030,2026-06-07T16:07:33.031922,EVT00000096,USR005,ADMIN,UPDATE,PATIENT_DEMOGRAPHICS,['UNAUTHORIZED_PHI_ACCESS'],CRITICAL,4,2026-06-08T16:07:33.031922,24,12,"['Patient Name', 'Date of Birth', 'Medical Record Number']",False,False,OPEN,Immediate notification required
BRH000031,2026-06-07T16:07:33.031922,EVT00000098,USR001,PHYSICIAN,FAILED_LOGIN,EHR_FULL_RECORD,['FAILED_AUTHENTICATION'],MEDIUM,2,2026-06-14T16:07:33.031922,168,40,"['Patient Name', 'Date of Birth', 'Medical Record Number', 'Diagnosis Codes (ICD-10)', 'Lab Results (LOINC)', 'Medications (RxNorm)', 'Clinical Notes']",False,False,OPEN,Notify within 7 days
BRH000032,2026-06-07T16:07:33.031922,EVT00000099,USR007,IT_SUPPORT,READ,EHR_FULL_RECORD,['UNAUTHORIZED_PHI_ACCESS'],CRITICAL,4,2026-06-08T16:07:33.031922,24,5,"['Patient Name', 'Date of Birth', 'Medical Record Number', 'Diagnosis Codes (ICD-10)', 'Lab Results (LOINC)', 'Medications (RxNorm)', 'Clinical Notes']",False,False,OPEN,Immediate notification required
BRH000033,2026-06-07T16:07:33.031922,EVT00000101,USR003,DATA_ANALYST,DELETE,IMAGING_REPORTS,['PHI_DELETION_ATTEMPT'],HIGH,3,2026-06-10T16:07:33.031922,72,44,"['Patient Name', 'Date of Birth', 'Medical Record Number', 'Diagnosis Codes (ICD-10)', 'Lab Results (LOINC)', 'Medications (RxNorm)', 'Clinical Notes']",False,False,OPEN,Notify within 72 hours
BRH000034,2026-06-07T16:07:33.031922,EVT00000104,USR005,ADMIN,WRITE,PRESCRIPTIONS,['UNAUTHORIZED_PHI_ACCESS'],CRITICAL,4,2026-06-08T16:07:33.031922,24,13,"['Patient Name', 'Date of Birth', 'Medical Record Number']",False,False,OPEN,Immediate notification required
BRH000035,2026-06-07T16:07:33.031922,EVT00000108,USR007,IT_SUPPORT,DELETE,PRESCRIPTIONS,"['UNAUTHORIZED_PHI_ACCESS', 'PHI_DELETION_ATTEMPT']",CRITICAL,4,2026-06-08T16:07:33.031922,24,25,"['Patient Name', 'Date of Birth', 'Medical Record Number']",False,False,OPEN,Immediate notification required
BRH000036,2026-06-07T16:07:33.031922,EVT00000109,USR008,EXTERNAL,UPDATE,INSURANCE_CLAIMS,['UNAUTHORIZED_PHI_ACCESS'],CRITICAL,4,2026-06-08T16:07:33.031922,24,7,"['Patient Name', 'Date of Birth', 'Medical Record Number']",False,False,OPEN,Immediate notification required
BRH000037,2026-06-07T16:07:33.031922,EVT00000111,USR003,DATA_ANALYST,DELETE,LAB_RESULTS,['PHI_DELETION_ATTEMPT'],HIGH,3,2026-06-10T16:07:33.031922,72,27,"['Patient Name', 'Date of Birth', 'Medical Record Number', 'Diagnosis Codes (ICD-10)', 'Lab Results (LOINC)', 'Medications (RxNorm)', 'Clinical Notes']",False,False,OPEN,Notify within 72 hours
BRH000038,2026-06-07T16:07:33.031922,EVT00000114,USR003,DATA_ANALYST,DELETE,LAB_RESULTS,['PHI_DELETION_ATTEMPT'],HIGH,3,2026-06-10T16:07:33.031922,72,36,"['Patient Name', 'Date of Birth', 'Medical Record Number', 'Diagnosis Codes (ICD-10)', 'Lab Results (LOINC)', 'Medications (RxNorm)', 'Clinical Notes']",False,False,OPEN,Notify within 72 hours
BRH000039,2026-06-07T16:07:33.031922,EVT00000116,USR007,IT_SUPPORT,READ,DISCHARGE_SUMMARY,['UNAUTHORIZED_PHI_ACCESS'],CRITICAL,4,2026-06-08T16:07:33.031922,24,9,"['Patient Name', 'Date of Birth', 'Medical Record Number', 'Diagnosis Codes (ICD-10)', 'Lab Results (LOINC)', 'Medications (RxNorm)', 'Clinical Notes']",False,False,OPEN,Immediate notification required
BRH000040,2026-06-07T16:07:33.031922,EVT00000126,USR003,DATA_ANALYST,DELETE,INSURANCE_CLAIMS,['PHI_DELETION_ATTEMPT'],HIGH,3,2026-06-10T16:07:33.031922,72,16,"['Patient Name', 'Date of Birth', 'Medical Record Number']",False,False,OPEN,Notify within 72 hours
BRH000041,2026-06-07T16:07:33.031922,EVT00000127,USR006,RESEARCHER,FAILED_LOGIN,EHR_FULL_RECORD,['FAILED_AUTHENTICATION'],MEDIUM,2,2026-06-14T16:07:33.031922,168,12,"['Patient Name', 'Date of Birth', 'Medical Record Number', 'Diagnosis Codes (ICD-10)', 'Lab Results (LOINC)', 'Medications (RxNorm)', 'Clinical Notes']",False,False,OPEN,Notify within 7 days
BRH000042,2026-06-07T16:07:33.031922,EVT00000129,USR007,IT_SUPPORT,PRINT,PATIENT_DEMOGRAPHICS,['UNAUTHORIZED_PHI_ACCESS'],CRITICAL,4,2026-06-08T16:07:33.031922,24,12,"['Patient Name', 'Date of Birth', 'Medical Record Number']",False,False,OPEN,Immediate notification required
BRH000043,2026-06-07T16:07:33.031922,EVT00000130,USR002,NURSE,FAILED_LOGIN,DISCHARGE_SUMMARY,['FAILED_AUTHENTICATION'],MEDIUM,2,2026-06-14T16:07:33.031922,168,36,"['Patient Name', 'Date of Birth', 'Medical Record Number', 'Diagnosis Codes (ICD-10)', 'Lab Results (LOINC)', 'Medications (RxNorm)', 'Clinical Notes']",False,False,OPEN,Notify within 7 days
BRH000044,2026-06-07T16:07:33.031922,EVT00000133,USR008,EXTERNAL,UPDATE,PRESCRIPTIONS,['UNAUTHORIZED_PHI_ACCESS'],CRITICAL,4,2026-06-08T16:07:33.031922,24,18,"['Patient Name', 'Date of Birth', 'Medical Record Number']",False,False,OPEN,Immediate notification required
BRH000045,2026-06-07T16:07:33.031922,EVT00000134,USR003,DATA_ANALYST,READ,CLINICAL_NOTES,['CLEARANCE_EXCEEDED'],HIGH,3,2026-06-10T16:07:33.031922,72,8,"['Patient Name', 'Date of Birth', 'Medical Record Number', 'Diagnosis Codes (ICD-10)', 'Lab Results (LOINC)', 'Medications (RxNorm)', 'Clinical Notes']",False,False,OPEN,Notify within 72 hours
BRH000046,2026-06-07T16:07:33.031922,EVT00000140,USR008,EXTERNAL,READ,DISCHARGE_SUMMARY,['UNAUTHORIZED_PHI_ACCESS'],CRITICAL,4,2026-06-08T16:07:33.031922,24,5,"['Patient Name', 'Date of Birth', 'Medical Record Number', 'Diagnosis Codes (ICD-10)', 'Lab Results (LOINC)', 'Medications (RxNorm)', 'Clinical Notes']",False,False,OPEN,Immediate notification required
BRH000047,2026-06-07T16:07:33.031922,EVT00000141,USR005,ADMIN,EXPORT,DISCHARGE_SUMMARY,['UNAUTHORIZED_PHI_ACCESS'],CRITICAL,4,2026-06-08T16:07:33.031922,24,414,"['Patient Name', 'Date of Birth', 'Medical Record Number', 'Diagnosis Codes (ICD-10)', 'Lab Results (LOINC)', 'Medications (RxNorm)', 'Clinical Notes']",False,False,OPEN,Immediate notification required
BRH000048,2026-06-07T16:07:33.031922,EVT00000142,USR001,PHYSICIAN,FAILED_LOGIN,IMAGING_REPORTS,['FAILED_AUTHENTICATION'],MEDIUM,2,2026-06-14T16:07:33.031922,168,37,"['Patient Name', 'Date of Birth', 'Medical Record Number', 'Diagnosis Codes (ICD-10)', 'Lab Results (LOINC)', 'Medications (RxNorm)', 'Clinical Notes']",False,False,OPEN,Notify within 7 days
BRH000049,2026-06-07T16:07:33.031922,EVT00000143,USR007,IT_SUPPORT,READ,LAB_RESULTS,['UNAUTHORIZED_PHI_ACCESS'],CRITICAL,4,2026-06-08T16:07:33.031922,24,6,"['Patient Name', 'Date of Birth', 'Medical Record Number', 'Diagnosis Codes (ICD-10)', 'Lab Results (LOINC)', 'Medications (RxNorm)', 'Clinical Notes']",False,False,OPEN,Immediate notification required
BRH000050,2026-06-07T16:07:33.031922,EVT00000144,USR005,ADMIN,READ,DISCHARGE_SUMMARY,['UNAUTHORIZED_PHI_ACCESS'],CRITICAL,4,2026-06-08T16:07:33.031922,24,7,"['Patient Name', 'Date of Birth', 'Medical Record Number', 'Diagnosis Codes (ICD-10)', 'Lab Results (LOINC)', 'Medications (RxNorm)', 'Clinical Notes']",False,False,OPEN,Immediate notification required
BRH000051,2026-06-07T16:07:33.031922,EVT00000147,USR005,ADMIN,EXPORT,CLINICAL_NOTES,['UNAUTHORIZED_PHI_ACCESS'],CRITICAL,4,2026-06-08T16:07:33.031922,24,853,"['Patient Name', 'Date of Birth', 'Medical Record Number', 'Diagnosis Codes (ICD-10)', 'Lab Results (LOINC)', 'Medications (RxNorm)', 'Clinical Notes']",True,True,OPEN,Immediate notification required
BRH000052,2026-06-07T16:07:33.031922,EVT00000148,USR007,IT_SUPPORT,READ,PATIENT_DEMOGRAPHICS,['UNAUTHORIZED_PHI_ACCESS'],CRITICAL,4,2026-06-08T16:07:33.031922,24,5,"['Patient Name', 'Date of Birth', 'Medical Record Number']",False,False,OPEN,Immediate notification required
BRH000053,2026-06-07T16:07:33.031922,EVT00000153,USR007,IT_SUPPORT,DELETE,EHR_FULL_RECORD,"['UNAUTHORIZED_PHI_ACCESS', 'PHI_DELETION_ATTEMPT']",CRITICAL,4,2026-06-08T16:07:33.031922,24,43,"['Patient Name', 'Date of Birth', 'Medical Record Number', 'Diagnosis Codes (ICD-10)', 'Lab Results (LOINC)', 'Medications (RxNorm)', 'Clinical Notes']",False,False,OPEN,Immediate notification required
BRH000054,2026-06-07T16:07:33.031922,EVT00000156,USR005,ADMIN,FAILED_LOGIN,EHR_FULL_RECORD,['FAILED_AUTHENTICATION'],MEDIUM,2,2026-06-14T16:07:33.031922,168,8,"['Patient Name', 'Date of Birth', 'Medical Record Number', 'Diagnosis Codes (ICD-10)', 'Lab Results (LOINC)', 'Medications (RxNorm)', 'Clinical Notes']",False,False,OPEN,Notify within 7 days
BRH000055,2026-06-07T16:07:33.031922,EVT00000161,USR007,IT_SUPPORT,READ,IMAGING_REPORTS,['UNAUTHORIZED_PHI_ACCESS'],CRITICAL,4,2026-06-08T16:07:33.031922,24,4,"['Patient Name', 'Date of Birth', 'Medical Record Number', 'Diagnosis Codes (ICD-10)', 'Lab Results (LOINC)', 'Medications (RxNorm)', 'Clinical Notes']",False,False,OPEN,Immediate notification required
BRH000056,2026-06-07T16:07:33.031922,EVT00000162,USR001,PHYSICIAN,FAILED_LOGIN,DISCHARGE_SUMMARY,['FAILED_AUTHENTICATION'],MEDIUM,2,2026-06-14T16:07:33.031922,168,29,"['Patient Name', 'Date of Birth', 'Medical Record Number', 'Diagnosis Codes (ICD-10)', 'Lab Results (LOINC)', 'Medications (RxNorm)', 'Clinical Notes']",False,False,OPEN,Notify within 7 days
BRH000057,2026-06-07T16:07:33.031922,EVT00000168,USR007,IT_SUPPORT,DELETE,DISCHARGE_SUMMARY,"['UNAUTHORIZED_PHI_ACCESS', 'PHI_DELETION_ATTEMPT']",CRITICAL,4,2026-06-08T16:07:33.031922,24,45,"['Patient Name', 'Date of Birth', 'Medical Record Number', 'Diagnosis Codes (ICD-10)', 'Lab Results (LOINC)', 'Medications (RxNorm)', 'Clinical Notes']",False,False,OPEN,Immediate notification required
BRH000058,2026-06-07T16:07:33.031922,EVT00000173,USR005,ADMIN,READ,PRESCRIPTIONS,['UNAUTHORIZED_PHI_ACCESS'],CRITICAL,4,2026-06-08T16:07:33.031922,24,6,"['Patient Name', 'Date of Birth', 'Medical Record Number']",False,False,OPEN,Immediate notification required
BRH000059,2026-06-07T16:07:33.031922,EVT00000174,USR005,ADMIN,UPDATE,INSURANCE_CLAIMS,['UNAUTHORIZED_PHI_ACCESS'],CRITICAL,4,2026-06-08T16:07:33.031922,24,4,"['Patient Name', 'Date of Birth', 'Medical Record Number']",False,False,OPEN,Immediate notification required
BRH000060,2026-06-07T16:07:33.031922,EVT00000175,USR005,ADMIN,READ,PATIENT_DEMOGRAPHICS,['UNAUTHORIZED_PHI_ACCESS'],CRITICAL,4,2026-06-08T16:07:33.031922,24,7,"['Patient Name', 'Date of Birth', 'Medical Record Number']",False,False,OPEN,Immediate notification required
BRH000061,2026-06-07T16:07:33.031922,EVT00000177,USR003,DATA_ANALYST,EXPORT,EHR_FULL_RECORD,['BULK_PHI_EXPORT'],CRITICAL,4,2026-06-08T16:07:33.031922,24,620,"['Patient Name', 'Date of Birth', 'Medical Record Number', 'Diagnosis Codes (ICD-10)', 'Lab Results (LOINC)', 'Medications (RxNorm)', 'Clinical Notes']",True,True,OPEN,Immediate notification required
BRH000062,2026-06-07T16:07:33.031922,EVT00000179,USR007,IT_SUPPORT,READ,EHR_FULL_RECORD,['UNAUTHORIZED_PHI_ACCESS'],CRITICAL,4,2026-06-08T16:07:33.031922,24,7,"['Patient Name', 'Date of Birth', 'Medical Record Number', 'Diagnosis Codes (ICD-10)', 'Lab Results (LOINC)', 'Medications (RxNorm)', 'Clinical Notes']",False,False,OPEN,Immediate notification required
BRH000063,2026-06-07T16:07:33.031922,EVT00000180,USR003,DATA_ANALYST,LOGIN,CLINICAL_NOTES,['CLEARANCE_EXCEEDED'],HIGH,3,2026-06-10T16:07:33.031922,72,22,"['Patient Name', 'Date of Birth', 'Medical Record Number', 'Diagnosis Codes (ICD-10)', 'Lab Results (LOINC)', 'Medications (RxNorm)', 'Clinical Notes']",False,False,OPEN,Notify within 72 hours
BRH000064,2026-06-07T16:07:33.031922,EVT00000182,USR003,DATA_ANALYST,UPDATE,CLINICAL_NOTES,['CLEARANCE_EXCEEDED'],HIGH,3,2026-06-10T16:07:33.031922,72,36,"['Patient Name', 'Date of Birth', 'Medical Record Number', 'Diagnosis Codes (ICD-10)', 'Lab Results (LOINC)', 'Medications (RxNorm)', 'Clinical Notes']",False,False,OPEN,Notify within 72 hours
BRH000065,2026-06-07T16:07:33.031922,EVT00000184,USR005,ADMIN,READ,IMAGING_REPORTS,['UNAUTHORIZED_PHI_ACCESS'],CRITICAL,4,2026-06-08T16:07:33.031922,24,10,"['Patient Name', 'Date of Birth', 'Medical Record Number', 'Diagnosis Codes (ICD-10)', 'Lab Results (LOINC)', 'Medications (RxNorm)', 'Clinical Notes']",False,False,OPEN,Immediate notification required
BRH000066,2026-06-07T16:07:33.031922,EVT00000186,USR005,ADMIN,READ,LAB_RESULTS,['UNAUTHORIZED_PHI_ACCESS'],CRITICAL,4,2026-06-08T16:07:33.031922,24,1,"['Patient Name', 'Date of Birth', 'Medical Record Number', 'Diagnosis Codes (ICD-10)', 'Lab Results (LOINC)', 'Medications (RxNorm)', 'Clinical Notes']",False,False,OPEN,Immediate notification required
BRH000067,2026-06-07T16:07:33.031922,EVT00000187,USR003,DATA_ANALYST,DELETE,DISCHARGE_SUMMARY,['PHI_DELETION_ATTEMPT'],HIGH,3,2026-06-10T16:07:33.031922,72,11,"['Patient Name', 'Date of Birth', 'Medical Record Number', 'Diagnosis Codes (ICD-10)', 'Lab Results (LOINC)', 'Medications (RxNorm)', 'Clinical Notes']",False,False,OPEN,Notify within 72 hours
BRH000068,2026-06-07T16:07:33.031922,EVT00000188,USR007,IT_SUPPORT,UPDATE,IMAGING_REPORTS,['UNAUTHORIZED_PHI_ACCESS'],CRITICAL,4,2026-06-08T16:07:33.031922,24,25,"['Patient Name', 'Date of Birth', 'Medical Record Number', 'Diagnosis Codes (ICD-10)', 'Lab Results (LOINC)', 'Medications (RxNorm)', 'Clinical Notes']",False,False,OPEN,Immediate notification required
BRH000069,2026-06-07T16:07:33.031922,EVT00000190,USR005,ADMIN,UPDATE,DISCHARGE_SUMMARY,['UNAUTHORIZED_PHI_ACCESS'],CRITICAL,4,2026-06-08T16:07:33.031922,24,41,"['Patient Name', 'Date of Birth', 'Medical Record Number', 'Diagnosis Codes (ICD-10)', 'Lab Results (LOINC)', 'Medications (RxNorm)', 'Clinical Notes']",False,False,OPEN,Immediate notification required
BRH000070,2026-06-07T16:07:33.031922,EVT00000192,USR007,IT_SUPPORT,READ,LAB_RESULTS,['UNAUTHORIZED_PHI_ACCESS'],CRITICAL,4,2026-06-08T16:07:33.031922,24,1,"['Patient Name', 'Date of Birth', 'Medical Record Number', 'Diagnosis Codes (ICD-10)', 'Lab Results (LOINC)', 'Medications (RxNorm)', 'Clinical Notes']",False,False,OPEN,Immediate notification required
BRH000071,2026-06-07T16:07:33.031922,EVT00000209,USR003,DATA_ANALYST,EXPORT,EHR_FULL_RECORD,['BULK_PHI_EXPORT'],CRITICAL,4,2026-06-08T16:07:33.031922,24,923,"['Patient Name', 'Date of Birth', 'Medical Record Number', 'Diagnosis Codes (ICD-10)', 'Lab Results (LOINC)', 'Medications (RxNorm)', 'Clinical Notes']",True,True,OPEN,Immediate notification required
BRH000072,2026-06-07T16:07:33.031922,EVT00000211,USR003,DATA_ANALYST,READ,CLINICAL_NOTES,['CLEARANCE_EXCEEDED'],HIGH,3,2026-06-10T16:07:33.031922,72,2,"['Patient Name', 'Date of Birth', 'Medical Record Number', 'Diagnosis Codes (ICD-10)', 'Lab Results (LOINC)', 'Medications (RxNorm)', 'Clinical Notes']",False,False,OPEN,Notify within 72 hours
BRH000073,2026-06-07T16:07:33.031922,EVT00000215,USR008,EXTERNAL,READ,LAB_RESULTS,"['UNAUTHORIZED_PHI_ACCESS', 'EXTERNAL_CLINICAL_ACCESS']",CRITICAL,4,2026-06-08T16:07:33.031922,24,3,"['Patient Name', 'Date of Birth', 'Medical Record Number', 'Diagnosis Codes (ICD-10)', 'Lab Results (LOINC)', 'Medications (RxNorm)', 'Clinical Notes']",False,False,OPEN,Immediate notification required
BRH000074,2026-06-07T16:07:33.031922,EVT00000216,USR008,EXTERNAL,UPDATE,LAB_RESULTS,"['UNAUTHORIZED_PHI_ACCESS', 'EXTERNAL_CLINICAL_ACCESS']",CRITICAL,4,2026-06-08T16:07:33.031922,24,31,"['Patient Name', 'Date of Birth', 'Medical Record Number', 'Diagnosis Codes (ICD-10)', 'Lab Results (LOINC)', 'Medications (RxNorm)', 'Clinical Notes']",False,False,OPEN,Immediate notification required
BRH000075,2026-06-07T16:07:33.031922,EVT00000226,USR001,PHYSICIAN,FAILED_LOGIN,EHR_FULL_RECORD,['FAILED_AUTHENTICATION'],MEDIUM,2,2026-06-14T16:07:33.031922,168,39,"['Patient Name', 'Date of Birth', 'Medical Record Number', 'Diagnosis Codes (ICD-10)', 'Lab Results (LOINC)', 'Medications (RxNorm)', 'Clinical Notes']",False,False,OPEN,Notify within 7 days
BRH000076,2026-06-07T16:07:33.031922,EVT00000227,USR008,EXTERNAL,WRITE,INSURANCE_CLAIMS,['UNAUTHORIZED_PHI_ACCESS'],CRITICAL,4,2026-06-08T16:07:33.031922,24,14,"['Patient Name', 'Date of Birth', 'Medical Record Number']",False,False,OPEN,Immediate notification required
BRH000077,2026-06-07T16:07:33.031922,EVT00000228,USR007,IT_SUPPORT,PRINT,LAB_RESULTS,['UNAUTHORIZED_PHI_ACCESS'],CRITICAL,4,2026-06-08T16:07:33.031922,24,6,"['Patient Name', 'Date of Birth', 'Medical Record Number', 'Diagnosis Codes (ICD-10)', 'Lab Results (LOINC)', 'Medications (RxNorm)', 'Clinical Notes']",False,False,OPEN,Immediate notification required
BRH000078,2026-06-07T16:07:33.031922,EVT00000230,USR005,ADMIN,READ,LAB_RESULTS,['UNAUTHORIZED_PHI_ACCESS'],CRITICAL,4,2026-06-08T16:07:33.031922,24,2,"['Patient Name', 'Date of Birth', 'Medical Record Number', 'Diagnosis Codes (ICD-10)', 'Lab Results (LOINC)', 'Medications (RxNorm)', 'Clinical Notes']",False,False,OPEN,Immediate notification required
BRH000079,2026-06-07T16:07:33.031922,EVT00000234,USR007,IT_SUPPORT,WRITE,LAB_RESULTS,['UNAUTHORIZED_PHI_ACCESS'],CRITICAL,4,2026-06-08T16:07:33.031922,24,17,"['Patient Name', 'Date of Birth', 'Medical Record Number', 'Diagnosis Codes (ICD-10)', 'Lab Results (LOINC)', 'Medications (RxNorm)', 'Clinical Notes']",False,False,OPEN,Immediate notification required
BRH000080,2026-06-07T16:07:33.031922,EVT00000235,USR007,IT_SUPPORT,READ,PRESCRIPTIONS,['UNAUTHORIZED_PHI_ACCESS'],CRITICAL,4,2026-06-08T16:07:33.031922,24,8,"['Patient Name', 'Date of Birth', 'Medical Record Number']",False,False,OPEN,Immediate notification required
BRH000081,2026-06-07T16:07:33.031922,EVT00000242,USR005,ADMIN,UPDATE,IMAGING_REPORTS,['UNAUTHORIZED_PHI_ACCESS'],CRITICAL,4,2026-06-08T16:07:33.031922,24,24,"['Patient Name', 'Date of Birth', 'Medical Record Number', 'Diagnosis Codes (ICD-10)', 'Lab Results (LOINC)', 'Medications (RxNorm)', 'Clinical Notes']",False,False,OPEN,Immediate notification required
BRH000082,2026-06-07T16:07:33.031922,EVT00000244,USR001,PHYSICIAN,EXPORT,EHR_FULL_RECORD,['BULK_PHI_EXPORT'],CRITICAL,4,2026-06-08T16:07:33.031922,24,181,"['Patient Name', 'Date of Birth', 'Medical Record Number', 'Diagnosis Codes (ICD-10)', 'Lab Results (LOINC)', 'Medications (RxNorm)', 'Clinical Notes']",False,False,OPEN,Immediate notification required
BRH000083,2026-06-07T16:07:33.047549,EVT00000255,USR005,ADMIN,READ,DISCHARGE_SUMMARY,['UNAUTHORIZED_PHI_ACCESS'],CRITICAL,4,2026-06-08T16:07:33.047549,24,10,"['Patient Name', 'Date of Birth', 'Medical Record Number', 'Diagnosis Codes (ICD-10)', 'Lab Results (LOINC)', 'Medications (RxNorm)', 'Clinical Notes']",False,False,OPEN,Immediate notification required
BRH000084,2026-06-07T16:07:33.047549,EVT00000258,USR003,DATA_ANALYST,READ,CLINICAL_NOTES,['CLEARANCE_EXCEEDED'],HIGH,3,2026-06-10T16:07:33.047549,72,1,"['Patient Name', 'Date of Birth', 'Medical Record Number', 'Diagnosis Codes (ICD-10)', 'Lab Results (LOINC)', 'Medications (RxNorm)', 'Clinical Notes']",False,False,OPEN,Notify within 72 hours
BRH000085,2026-06-07T16:07:33.047549,EVT00000265,USR003,DATA_ANALYST,EXPORT,CLINICAL_NOTES,['CLEARANCE_EXCEEDED'],HIGH,3,2026-06-10T16:07:33.047549,72,841,"['Patient Name', 'Date of Birth', 'Medical Record Number', 'Diagnosis Codes (ICD-10)', 'Lab Results (LOINC)', 'Medications (RxNorm)', 'Clinical Notes']",True,True,OPEN,Notify within 72 hours
BRH000086,2026-06-07T16:07:33.047549,EVT00000266,USR002,NURSE,DELETE,IMAGING_REPORTS,['PHI_DELETION_ATTEMPT'],HIGH,3,2026-06-10T16:07:33.047549,72,25,"['Patient Name', 'Date of Birth', 'Medical Record Number', 'Diagnosis Codes (ICD-10)', 'Lab Results (LOINC)', 'Medications (RxNorm)', 'Clinical Notes']",False,False,OPEN,Notify within 72 hours
BRH000087,2026-06-07T16:07:33.047549,EVT00000267,USR001,PHYSICIAN,FAILED_LOGIN,DISCHARGE_SUMMARY,['FAILED_AUTHENTICATION'],MEDIUM,2,2026-06-14T16:07:33.047549,168,26,"['Patient Name', 'Date of Birth', 'Medical Record Number', 'Diagnosis Codes (ICD-10)', 'Lab Results (LOINC)', 'Medications (RxNorm)', 'Clinical Notes']",False,False,OPEN,Notify within 7 days
BRH000088,2026-06-07T16:07:33.047549,EVT00000271,USR001,PHYSICIAN,DELETE,IMAGING_REPORTS,['PHI_DELETION_ATTEMPT'],HIGH,3,2026-06-10T16:07:33.047549,72,40,"['Patient Name', 'Date of Birth', 'Medical Record Number', 'Diagnosis Codes (ICD-10)', 'Lab Results (LOINC)', 'Medications (RxNorm)', 'Clinical Notes']",False,False,OPEN,Notify within 72 hours
BRH000089,2026-06-07T16:07:33.047549,EVT00000276,USR008,EXTERNAL,READ,IMAGING_REPORTS,['UNAUTHORIZED_PHI_ACCESS'],CRITICAL,4,2026-06-08T16:07:33.047549,24,9,"['Patient Name', 'Date of Birth', 'Medical Record Number', 'Diagnosis Codes (ICD-10)', 'Lab Results (LOINC)', 'Medications (RxNorm)', 'Clinical Notes']",False,False,OPEN,Immediate notification required
BRH000090,2026-06-07T16:07:33.047549,EVT00000279,USR007,IT_SUPPORT,EXPORT,PRESCRIPTIONS,['UNAUTHORIZED_PHI_ACCESS'],CRITICAL,4,2026-06-08T16:07:33.047549,24,10,"['Patient Name', 'Date of Birth', 'Medical Record Number']",False,False,OPEN,Immediate notification required
BRH000091,2026-06-07T16:07:33.047549,EVT00000281,USR003,DATA_ANALYST,FAILED_LOGIN,PRESCRIPTIONS,['FAILED_AUTHENTICATION'],MEDIUM,2,2026-06-14T16:07:33.047549,168,23,"['Patient Name', 'Date of Birth', 'Medical Record Number']",False,False,OPEN,Notify within 7 days
BRH000092,2026-06-07T16:07:33.047549,EVT00000291,USR004,BILLING,FAILED_LOGIN,INSURANCE_CLAIMS,['FAILED_AUTHENTICATION'],MEDIUM,2,2026-06-14T16:07:33.047549,168,20,"['Patient Name', 'Date of Birth', 'Medical Record Number']",False,False,OPEN,Notify within 7 days
BRH000093,2026-06-07T16:07:33.047549,EVT00000292,USR007,IT_SUPPORT,PRINT,PRESCRIPTIONS,['UNAUTHORIZED_PHI_ACCESS'],CRITICAL,4,2026-06-08T16:07:33.047549,24,2,"['Patient Name', 'Date of Birth', 'Medical Record Number']",False,False,OPEN,Immediate notification required
BRH000094,2026-06-07T16:07:33.047549,EVT00000294,USR007,IT_SUPPORT,READ,PATIENT_DEMOGRAPHICS,['UNAUTHORIZED_PHI_ACCESS'],CRITICAL,4,2026-06-08T16:07:33.047549,24,25,"['Patient Name', 'Date of Birth', 'Medical Record Number']",False,False,OPEN,Immediate notification required
BRH000095,2026-06-07T16:07:33.047549,EVT00000298,USR007,IT_SUPPORT,READ,INSURANCE_CLAIMS,['UNAUTHORIZED_PHI_ACCESS'],CRITICAL,4,2026-06-08T16:07:33.047549,24,6,"['Patient Name', 'Date of Birth', 'Medical Record Number']",False,False,OPEN,Immediate notification required
BRH000096,2026-06-07T16:07:33.047549,EVT00000299,USR004,BILLING,DELETE,EHR_FULL_RECORD,['PHI_DELETION_ATTEMPT'],HIGH,3,2026-06-10T16:07:33.047549,72,41,"['Patient Name', 'Date of Birth', 'Medical Record Number', 'Diagnosis Codes (ICD-10)', 'Lab Results (LOINC)', 'Medications (RxNorm)', 'Clinical Notes']",False,False,OPEN,Notify within 72 hours
BRH000097,2026-06-07T16:07:33.047549,EVT00000300,USR007,IT_SUPPORT,PRINT,INSURANCE_CLAIMS,['UNAUTHORIZED_PHI_ACCESS'],CRITICAL,4,2026-06-08T16:07:33.047549,24,16,"['Patient Name', 'Date of Birth', 'Medical Record Number']",False,False,OPEN,Immediate notification required
BRH000098,2026-06-07T16:07:33.047549,EVT00000307,USR001,PHYSICIAN,FAILED_LOGIN,IMAGING_REPORTS,['FAILED_AUTHENTICATION'],MEDIUM,2,2026-06-14T16:07:33.047549,168,29,"['Patient Name', 'Date of Birth', 'Medical Record Number', 'Diagnosis Codes (ICD-10)', 'Lab Results (LOINC)', 'Medications (RxNorm)', 'Clinical Notes']",False,False,OPEN,Notify within 7 days
BRH000099,2026-06-07T16:07:33.047549,EVT00000309,USR007,IT_SUPPORT,READ,DISCHARGE_SUMMARY,['UNAUTHORIZED_PHI_ACCESS'],CRITICAL,4,2026-06-08T16:07:33.047549,24,1,"['Patient Name', 'Date of Birth', 'Medical Record Number', 'Diagnosis Codes (ICD-10)', 'Lab Results (LOINC)', 'Medications (RxNorm)', 'Clinical Notes']",False,False,OPEN,Immediate notification required
BRH000100,2026-06-07T16:07:33.047549,EVT00000313,USR005,ADMIN,UPDATE,PRESCRIPTIONS,['UNAUTHORIZED_PHI_ACCESS'],CRITICAL,4,2026-06-08T16:07:33.047549,24,7,"['Patient Name', 'Date of Birth', 'Medical Record Number']",False,False,OPEN,Immediate notification required
BRH000101,2026-06-07T16:07:33.047549,EVT00000317,USR001,PHYSICIAN,DELETE,PRESCRIPTIONS,['PHI_DELETION_ATTEMPT'],HIGH,3,2026-06-10T16:07:33.047549,72,22,"['Patient Name', 'Date of Birth', 'Medical Record Number']",False,False,OPEN,Notify within 72 hours
BRH000102,2026-06-07T16:07:33.047549,EVT00000318,USR001,PHYSICIAN,DELETE,INSURANCE_CLAIMS,['PHI_DELETION_ATTEMPT'],HIGH,3,2026-06-10T16:07:33.047549,72,17,"['Patient Name', 'Date of Birth', 'Medical Record Number']",False,False,OPEN,Notify within 72 hours
BRH000103,2026-06-07T16:07:33.047549,EVT00000320,USR002,NURSE,EXPORT,EHR_FULL_RECORD,['BULK_PHI_EXPORT'],CRITICAL,4,2026-06-08T16:07:33.047549,24,392,"['Patient Name', 'Date of Birth', 'Medical Record Number', 'Diagnosis Codes (ICD-10)', 'Lab Results (LOINC)', 'Medications (RxNorm)', 'Clinical Notes']",False,False,OPEN,Immediate notification required
BRH000104,2026-06-07T16:07:33.047549,EVT00000327,USR003,DATA_ANALYST,READ,CLINICAL_NOTES,['CLEARANCE_EXCEEDED'],HIGH,3,2026-06-10T16:07:33.047549,72,4,"['Patient Name', 'Date of Birth', 'Medical Record Number', 'Diagnosis Codes (ICD-10)', 'Lab Results (LOINC)', 'Medications (RxNorm)', 'Clinical Notes']",False,False,OPEN,Notify within 72 hours
BRH000105,2026-06-07T16:07:33.047549,EVT00000329,USR002,NURSE,DELETE,LAB_RESULTS,['PHI_DELETION_ATTEMPT'],HIGH,3,2026-06-10T16:07:33.047549,72,3,"['Patient Name', 'Date of Birth', 'Medical Record Number', 'Diagnosis Codes (ICD-10)', 'Lab Results (LOINC)', 'Medications (RxNorm)', 'Clinical Notes']",False,False,OPEN,Notify within 72 hours
BRH000106,2026-06-07T16:07:33.047549,EVT00000334,USR003,DATA_ANALYST,WRITE,PATIENT_DEMOGRAPHICS,['CLEARANCE_EXCEEDED'],HIGH,3,2026-06-10T16:07:33.047549,72,20,"['Patient Name', 'Date of Birth', 'Medical Record Number']",False,False,OPEN,Notify within 72 hours
BRH000107,2026-06-07T16:07:33.047549,EVT00000337,USR008,EXTERNAL,UPDATE,DISCHARGE_SUMMARY,['UNAUTHORIZED_PHI_ACCESS'],CRITICAL,4,2026-06-08T16:07:33.047549,24,33,"['Patient Name', 'Date of Birth', 'Medical Record Number', 'Diagnosis Codes (ICD-10)', 'Lab Results (LOINC)', 'Medications (RxNorm)', 'Clinical Notes']",False,False,OPEN,Immediate notification required
BRH000108,2026-06-07T16:07:33.047549,EVT00000341,USR002,NURSE,EXPORT,EHR_FULL_RECORD,['BULK_PHI_EXPORT'],CRITICAL,4,2026-06-08T16:07:33.047549,24,628,"['Patient Name', 'Date of Birth', 'Medical Record Number', 'Diagnosis Codes (ICD-10)', 'Lab Results (LOINC)', 'Medications (RxNorm)', 'Clinical Notes']",True,True,OPEN,Immediate notification required
BRH000109,2026-06-07T16:07:33.047549,EVT00000345,USR005,ADMIN,UPDATE,EHR_FULL_RECORD,['UNAUTHORIZED_PHI_ACCESS'],CRITICAL,4,2026-06-08T16:07:33.047549,24,45,"['Patient Name', 'Date of Birth', 'Medical Record Number', 'Diagnosis Codes (ICD-10)', 'Lab Results (LOINC)', 'Medications (RxNorm)', 'Clinical Notes']",False,False,OPEN,Immediate notification required
BRH000110,2026-06-07T16:07:33.047549,EVT00000351,USR007,IT_SUPPORT,UPDATE,DISCHARGE_SUMMARY,['UNAUTHORIZED_PHI_ACCESS'],CRITICAL,4,2026-06-08T16:07:33.047549,24,15,"['Patient Name', 'Date of Birth', 'Medical Record Number', 'Diagnosis Codes (ICD-10)', 'Lab Results (LOINC)', 'Medications (RxNorm)', 'Clinical Notes']",False,False,OPEN,Immediate notification required
BRH000111,2026-06-07T16:07:33.047549,EVT00000353,USR002,NURSE,EXPORT,EHR_FULL_RECORD,['BULK_PHI_EXPORT'],CRITICAL,4,2026-06-08T16:07:33.047549,24,729,"['Patient Name', 'Date of Birth', 'Medical Record Number', 'Diagnosis Codes (ICD-10)', 'Lab Results (LOINC)', 'Medications (RxNorm)', 'Clinical Notes']",True,True,OPEN,Immediate notification required
BRH000112,2026-06-07T16:07:33.047549,EVT00000354,USR001,PHYSICIAN,EXPORT,EHR_FULL_RECORD,['BULK_PHI_EXPORT'],CRITICAL,4,2026-06-08T16:07:33.047549,24,273,"['Patient Name', 'Date of Birth', 'Medical Record Number', 'Diagnosis Codes (ICD-10)', 'Lab Results (LOINC)', 'Medications (RxNorm)', 'Clinical Notes']",False,False,OPEN,Immediate notification required
BRH000113,2026-06-07T16:07:33.047549,EVT00000355,USR007,IT_SUPPORT,UPDATE,CLINICAL_NOTES,['UNAUTHORIZED_PHI_ACCESS'],CRITICAL,4,2026-06-08T16:07:33.047549,24,44,"['Patient Name', 'Date of Birth', 'Medical Record Number', 'Diagnosis Codes (ICD-10)', 'Lab Results (LOINC)', 'Medications (RxNorm)', 'Clinical Notes']",False,False,OPEN,Immediate notification required
BRH000114,2026-06-07T16:07:33.047549,EVT00000359,USR006,RESEARCHER,DELETE,LAB_RESULTS,['PHI_DELETION_ATTEMPT'],HIGH,3,2026-06-10T16:07:33.047549,72,3,"['Patient Name', 'Date of Birth', 'Medical Record Number', 'Diagnosis Codes (ICD-10)', 'Lab Results (LOINC)', 'Medications (RxNorm)', 'Clinical Notes']",False,False,OPEN,Notify within 72 hours
BRH000115,2026-06-07T16:07:33.047549,EVT00000365,USR007,IT_SUPPORT,DELETE,EHR_FULL_RECORD,"['UNAUTHORIZED_PHI_ACCESS', 'PHI_DELETION_ATTEMPT']",CRITICAL,4,2026-06-08T16:07:33.047549,24,24,"['Patient Name', 'Date of Birth', 'Medical Record Number', 'Diagnosis Codes (ICD-10)', 'Lab Results (LOINC)', 'Medications (RxNorm)', 'Clinical Notes']",False,False,OPEN,Immediate notification required
BRH000116,2026-06-07T16:07:33.047549,EVT00000369,USR005,ADMIN,DELETE,CLINICAL_NOTES,"['UNAUTHORIZED_PHI_ACCESS', 'PHI_DELETION_ATTEMPT']",CRITICAL,4,2026-06-08T16:07:33.047549,24,16,"['Patient Name', 'Date of Birth', 'Medical Record Number', 'Diagnosis Codes (ICD-10)', 'Lab Results (LOINC)', 'Medications (RxNorm)', 'Clinical Notes']",False,False,OPEN,Immediate notification required
BRH000117,2026-06-07T16:07:33.047549,EVT00000372,USR002,NURSE,DELETE,DISCHARGE_SUMMARY,['PHI_DELETION_ATTEMPT'],HIGH,3,2026-06-10T16:07:33.047549,72,42,"['Patient Name', 'Date of Birth', 'Medical Record Number', 'Diagnosis Codes (ICD-10)', 'Lab Results (LOINC)', 'Medications (RxNorm)', 'Clinical Notes']",False,False,OPEN,Notify within 72 hours
BRH000118,2026-06-07T16:07:33.047549,EVT00000378,USR005,ADMIN,UPDATE,PRESCRIPTIONS,['UNAUTHORIZED_PHI_ACCESS'],CRITICAL,4,2026-06-08T16:07:33.047549,24,1,"['Patient Name', 'Date of Birth', 'Medical Record Number']",False,False,OPEN,Immediate notification required
BRH000119,2026-06-07T16:07:33.047549,EVT00000381,USR007,IT_SUPPORT,EXPORT,EHR_FULL_RECORD,"['UNAUTHORIZED_PHI_ACCESS', 'BULK_PHI_EXPORT']",CRITICAL,4,2026-06-08T16:07:33.047549,24,261,"['Patient Name', 'Date of Birth', 'Medical Record Number', 'Diagnosis Codes (ICD-10)', 'Lab Results (LOINC)', 'Medications (RxNorm)', 'Clinical Notes']",False,False,OPEN,Immediate notification required
BRH000120,2026-06-07T16:07:33.047549,EVT00000389,USR001,PHYSICIAN,DELETE,DISCHARGE_SUMMARY,['PHI_DELETION_ATTEMPT'],HIGH,3,2026-06-10T16:07:33.047549,72,6,"['Patient Name', 'Date of Birth', 'Medical Record Number', 'Diagnosis Codes (ICD-10)', 'Lab Results (LOINC)', 'Medications (RxNorm)', 'Clinical Notes']",False,False,OPEN,Notify within 72 hours
BRH000121,2026-06-07T16:07:33.047549,EVT00000393,USR007,IT_SUPPORT,WRITE,PATIENT_DEMOGRAPHICS,['UNAUTHORIZED_PHI_ACCESS'],CRITICAL,4,2026-06-08T16:07:33.047549,24,9,"['Patient Name', 'Date of Birth', 'Medical Record Number']",False,False,OPEN,Immediate notification required
BRH000122,2026-06-07T16:07:33.047549,EVT00000394,USR005,ADMIN,UPDATE,PRESCRIPTIONS,['UNAUTHORIZED_PHI_ACCESS'],CRITICAL,4,2026-06-08T16:07:33.047549,24,25,"['Patient Name', 'Date of Birth', 'Medical Record Number']",False,False,OPEN,Immediate notification required
BRH000123,2026-06-07T16:07:33.047549,EVT00000395,USR005,ADMIN,UPDATE,LAB_RESULTS,['UNAUTHORIZED_PHI_ACCESS'],CRITICAL,4,2026-06-08T16:07:33.047549,24,26,"['Patient Name', 'Date of Birth', 'Medical Record Number', 'Diagnosis Codes (ICD-10)', 'Lab Results (LOINC)', 'Medications (RxNorm)', 'Clinical Notes']",False,False,OPEN,Immediate notification required
BRH000124,2026-06-07T16:07:33.047549,EVT00000398,USR005,ADMIN,WRITE,CLINICAL_NOTES,['UNAUTHORIZED_PHI_ACCESS'],CRITICAL,4,2026-06-08T16:07:33.047549,24,23,"['Patient Name', 'Date of Birth', 'Medical Record Number', 'Diagnosis Codes (ICD-10)', 'Lab Results (LOINC)', 'Medications (RxNorm)', 'Clinical Notes']",False,False,OPEN,Immediate notification required
BRH000125,2026-06-07T16:07:33.047549,EVT00000416,USR003,DATA_ANALYST,FAILED_LOGIN,CLINICAL_NOTES,"['FAILED_AUTHENTICATION', 'CLEARANCE_EXCEEDED']",HIGH,3,2026-06-10T16:07:33.047549,72,43,"['Patient Name', 'Date of Birth', 'Medical Record Number', 'Diagnosis Codes (ICD-10)', 'Lab Results (LOINC)', 'Medications (RxNorm)', 'Clinical Notes']",False,False,OPEN,Notify within 72 hours
BRH000126,2026-06-07T16:07:33.047549,EVT00000419,USR005,ADMIN,PRINT,PATIENT_DEMOGRAPHICS,['UNAUTHORIZED_PHI_ACCESS'],CRITICAL,4,2026-06-08T16:07:33.047549,24,13,"['Patient Name', 'Date of Birth', 'Medical Record Number']",False,False,OPEN,Immediate notification required
BRH000127,2026-06-07T16:07:33.047549,EVT00000421,USR008,EXTERNAL,DELETE,CLINICAL_NOTES,"['UNAUTHORIZED_PHI_ACCESS', 'EXTERNAL_CLINICAL_ACCESS', 'PHI_DELETION_ATTEMPT']",CRITICAL,4,2026-06-08T16:07:33.047549,24,26,"['Patient Name', 'Date of Birth', 'Medical Record Number', 'Diagnosis Codes (ICD-10)', 'Lab Results (LOINC)', 'Medications (RxNorm)', 'Clinical Notes']",False,False,OPEN,Immediate notification required
BRH000128,2026-06-07T16:07:33.047549,EVT00000422,USR008,EXTERNAL,LOGIN,LAB_RESULTS,['EXTERNAL_CLINICAL_ACCESS'],CRITICAL,4,2026-06-08T16:07:33.047549,24,38,"['Patient Name', 'Date of Birth', 'Medical Record Number', 'Diagnosis Codes (ICD-10)', 'Lab Results (LOINC)', 'Medications (RxNorm)', 'Clinical Notes']",False,False,OPEN,Immediate notification required
BRH000129,2026-06-07T16:07:33.047549,EVT00000425,USR005,ADMIN,DELETE,IMAGING_REPORTS,"['UNAUTHORIZED_PHI_ACCESS', 'PHI_DELETION_ATTEMPT']",CRITICAL,4,2026-06-08T16:07:33.047549,24,13,"['Patient Name', 'Date of Birth', 'Medical Record Number', 'Diagnosis Codes (ICD-10)', 'Lab Results (LOINC)', 'Medications (RxNorm)', 'Clinical Notes']",False,False,OPEN,Immediate notification required
BRH000130,2026-06-07T16:07:33.047549,EVT00000427,USR005,ADMIN,READ,DISCHARGE_SUMMARY,['UNAUTHORIZED_PHI_ACCESS'],CRITICAL,4,2026-06-08T16:07:33.047549,24,9,"['Patient Name', 'Date of Birth', 'Medical Record Number', 'Diagnosis Codes (ICD-10)', 'Lab Results (LOINC)', 'Medications (RxNorm)', 'Clinical Notes']",False,False,OPEN,Immediate notification required
BRH000131,2026-06-07T16:07:33.047549,EVT00000430,USR007,IT_SUPPORT,READ,EHR_FULL_RECORD,['UNAUTHORIZED_PHI_ACCESS'],CRITICAL,4,2026-06-08T16:07:33.047549,24,1,"['Patient Name', 'Date of Birth', 'Medical Record Number', 'Diagnosis Codes (ICD-10)', 'Lab Results (LOINC)', 'Medications (RxNorm)', 'Clinical Notes']",False,False,OPEN,Immediate notification required
BRH000132,2026-06-07T16:07:33.047549,EVT00000433,USR005,ADMIN,EXPORT,DISCHARGE_SUMMARY,['UNAUTHORIZED_PHI_ACCESS'],CRITICAL,4,2026-06-08T16:07:33.047549,24,854,"['Patient Name', 'Date of Birth', 'Medical Record Number', 'Diagnosis Codes (ICD-10)', 'Lab Results (LOINC)', 'Medications (RxNorm)', 'Clinical Notes']",True,True,OPEN,Immediate notification required
BRH000133,2026-06-07T16:07:33.047549,EVT00000438,USR001,PHYSICIAN,DELETE,EHR_FULL_RECORD,['PHI_DELETION_ATTEMPT'],HIGH,3,2026-06-10T16:07:33.047549,72,46,"['Patient Name', 'Date of Birth', 'Medical Record Number', 'Diagnosis Codes (ICD-10)', 'Lab Results (LOINC)', 'Medications (RxNorm)', 'Clinical Notes']",False,False,OPEN,Notify within 72 hours
BRH000134,2026-06-07T16:07:33.047549,EVT00000439,USR007,IT_SUPPORT,UPDATE,EHR_FULL_RECORD,['UNAUTHORIZED_PHI_ACCESS'],CRITICAL,4,2026-06-08T16:07:33.047549,24,5,"['Patient Name', 'Date of Birth', 'Medical Record Number', 'Diagnosis Codes (ICD-10)', 'Lab Results (LOINC)', 'Medications (RxNorm)', 'Clinical Notes']",False,False,OPEN,Immediate notification required
BRH000135,2026-06-07T16:07:33.047549,EVT00000445,USR007,IT_SUPPORT,READ,DISCHARGE_SUMMARY,['UNAUTHORIZED_PHI_ACCESS'],CRITICAL,4,2026-06-08T16:07:33.047549,24,2,"['Patient Name', 'Date of Birth', 'Medical Record Number', 'Diagnosis Codes (ICD-10)', 'Lab Results (LOINC)', 'Medications (RxNorm)', 'Clinical Notes']",False,False,OPEN,Immediate notification required
BRH000136,2026-06-07T16:07:33.047549,EVT00000449,USR003,DATA_ANALYST,READ,CLINICAL_NOTES,['CLEARANCE_EXCEEDED'],HIGH,3,2026-06-10T16:07:33.047549,72,9,"['Patient Name', 'Date of Birth', 'Medical Record Number', 'Diagnosis Codes (ICD-10)', 'Lab Results (LOINC)', 'Medications (RxNorm)', 'Clinical Notes']",False,False,OPEN,Notify within 72 hours
BRH000137,2026-06-07T16:07:33.047549,EVT00000450,USR008,EXTERNAL,READ,IMAGING_REPORTS,['UNAUTHORIZED_PHI_ACCESS'],CRITICAL,4,2026-06-08T16:07:33.047549,24,5,"['Patient Name', 'Date of Birth', 'Medical Record Number', 'Diagnosis Codes (ICD-10)', 'Lab Results (LOINC)', 'Medications (RxNorm)', 'Clinical Notes']",False,False,OPEN,Immediate notification required
BRH000138,2026-06-07T16:07:33.047549,EVT00000452,USR007,IT_SUPPORT,READ,PATIENT_DEMOGRAPHICS,['UNAUTHORIZED_PHI_ACCESS'],CRITICAL,4,2026-06-08T16:07:33.047549,24,24,"['Patient Name', 'Date of Birth', 'Medical Record Number']",False,False,OPEN,Immediate notification required
BRH000139,2026-06-07T16:07:33.047549,EVT00000454,USR005,ADMIN,EXPORT,LAB_RESULTS,['UNAUTHORIZED_PHI_ACCESS'],CRITICAL,4,2026-06-08T16:07:33.047549,24,949,"['Patient Name', 'Date of Birth', 'Medical Record Number', 'Diagnosis Codes (ICD-10)', 'Lab Results (LOINC)', 'Medications (RxNorm)', 'Clinical Notes']",True,True,OPEN,Immediate notification required
BRH000140,2026-06-07T16:07:33.047549,EVT00000455,USR005,ADMIN,READ,PATIENT_DEMOGRAPHICS,['UNAUTHORIZED_PHI_ACCESS'],CRITICAL,4,2026-06-08T16:07:33.047549,24,18,"['Patient Name', 'Date of Birth', 'Medical Record Number']",False,False,OPEN,Immediate notification required
BRH000141,2026-06-07T16:07:33.047549,EVT00000458,USR006,RESEARCHER,DELETE,CLINICAL_NOTES,['PHI_DELETION_ATTEMPT'],HIGH,3,2026-06-10T16:07:33.047549,72,38,"['Patient Name', 'Date of Birth', 'Medical Record Number', 'Diagnosis Codes (ICD-10)', 'Lab Results (LOINC)', 'Medications (RxNorm)', 'Clinical Notes']",False,False,OPEN,Notify within 72 hours
BRH000142,2026-06-07T16:07:33.047549,EVT00000460,USR001,PHYSICIAN,FAILED_LOGIN,PATIENT_DEMOGRAPHICS,['FAILED_AUTHENTICATION'],MEDIUM,2,2026-06-14T16:07:33.047549,168,12,"['Patient Name', 'Date of Birth', 'Medical Record Number']",False,False,OPEN,Notify within 7 days
BRH000143,2026-06-07T16:07:33.047549,EVT00000462,USR001,PHYSICIAN,DELETE,PATIENT_DEMOGRAPHICS,['PHI_DELETION_ATTEMPT'],HIGH,3,2026-06-10T16:07:33.047549,72,12,"['Patient Name', 'Date of Birth', 'Medical Record Number']",False,False,OPEN,Notify within 72 hours
BRH000144,2026-06-07T16:07:33.047549,EVT00000463,USR008,EXTERNAL,LOGOUT,CLINICAL_NOTES,['EXTERNAL_CLINICAL_ACCESS'],CRITICAL,4,2026-06-08T16:07:33.047549,24,18,"['Patient Name', 'Date of Birth', 'Medical Record Number', 'Diagnosis Codes (ICD-10)', 'Lab Results (LOINC)', 'Medications (RxNorm)', 'Clinical Notes']",False,False,OPEN,Immediate notification required
BRH000145,2026-06-07T16:07:33.047549,EVT00000465,USR005,ADMIN,EXPORT,PRESCRIPTIONS,['UNAUTHORIZED_PHI_ACCESS'],CRITICAL,4,2026-06-08T16:07:33.047549,24,8,"['Patient Name', 'Date of Birth', 'Medical Record Number']",False,False,OPEN,Immediate notification required
BRH000146,2026-06-07T16:07:33.047549,EVT00000466,USR008,EXTERNAL,EXPORT,PRESCRIPTIONS,['UNAUTHORIZED_PHI_ACCESS'],CRITICAL,4,2026-06-08T16:07:33.047549,24,20,"['Patient Name', 'Date of Birth', 'Medical Record Number']",False,False,OPEN,Immediate notification required
BRH000147,2026-06-07T16:07:33.047549,EVT00000469,USR002,NURSE,FAILED_LOGIN,LAB_RESULTS,['FAILED_AUTHENTICATION'],MEDIUM,2,2026-06-14T16:07:33.047549,168,13,"['Patient Name', 'Date of Birth', 'Medical Record Number', 'Diagnosis Codes (ICD-10)', 'Lab Results (LOINC)', 'Medications (RxNorm)', 'Clinical Notes']",False,False,OPEN,Notify within 7 days
BRH000148,2026-06-07T16:07:33.047549,EVT00000472,USR002,NURSE,FAILED_LOGIN,PRESCRIPTIONS,['FAILED_AUTHENTICATION'],MEDIUM,2,2026-06-14T16:07:33.047549,168,15,"['Patient Name', 'Date of Birth', 'Medical Record Number']",False,False,OPEN,Notify within 7 days
BRH000149,2026-06-07T16:07:33.047549,EVT00000473,USR007,IT_SUPPORT,READ,IMAGING_REPORTS,['UNAUTHORIZED_PHI_ACCESS'],CRITICAL,4,2026-06-08T16:07:33.047549,24,7,"['Patient Name', 'Date of Birth', 'Medical Record Number', 'Diagnosis Codes (ICD-10)', 'Lab Results (LOINC)', 'Medications (RxNorm)', 'Clinical Notes']",False,False,OPEN,Immediate notification required
BRH000150,2026-06-07T16:07:33.047549,EVT00000479,USR003,DATA_ANALYST,UPDATE,CLINICAL_NOTES,['CLEARANCE_EXCEEDED'],HIGH,3,2026-06-10T16:07:33.047549,72,37,"['Patient Name', 'Date of Birth', 'Medical Record Number', 'Diagnosis Codes (ICD-10)', 'Lab Results (LOINC)', 'Medications (RxNorm)', 'Clinical Notes']",False,False,OPEN,Notify within 72 hours
BRH000151,2026-06-07T16:07:33.047549,EVT00000483,USR007,IT_SUPPORT,READ,DISCHARGE_SUMMARY,['UNAUTHORIZED_PHI_ACCESS'],CRITICAL,4,2026-06-08T16:07:33.047549,24,1,"['Patient Name', 'Date of Birth', 'Medical Record Number', 'Diagnosis Codes (ICD-10)', 'Lab Results (LOINC)', 'Medications (RxNorm)', 'Clinical Notes']",False,False,OPEN,Immediate notification required
BRH000152,2026-06-07T16:07:33.047549,EVT00000488,USR005,ADMIN,READ,IMAGING_REPORTS,['UNAUTHORIZED_PHI_ACCESS'],CRITICAL,4,2026-06-08T16:07:33.047549,24,5,"['Patient Name', 'Date of Birth', 'Medical Record Number', 'Diagnosis Codes (ICD-10)', 'Lab Results (LOINC)', 'Medications (RxNorm)', 'Clinical Notes']",False,False,OPEN,Immediate notification required
BRH000153,2026-06-07T16:07:33.047549,EVT00000490,USR005,ADMIN,UNAUTHORIZED_ACCESS,LAB_RESULTS,['UNAUTHORIZED_PHI_ACCESS'],CRITICAL,4,2026-06-08T16:07:33.047549,24,12,"['Patient Name', 'Date of Birth', 'Medical Record Number', 'Diagnosis Codes (ICD-10)', 'Lab Results (LOINC)', 'Medications (RxNorm)', 'Clinical Notes']",False,False,OPEN,Immediate notification required
BRH000154,2026-06-07T16:07:33.047549,EVT00000493,USR006,RESEARCHER,DELETE,PATIENT_DEMOGRAPHICS,['PHI_DELETION_ATTEMPT'],HIGH,3,2026-06-10T16:07:33.047549,72,14,"['Patient Name', 'Date of Birth', 'Medical Record Number']",False,False,OPEN,Notify within 72 hours
BRH000155,2026-06-07T16:07:33.047549,EVT00000498,USR007,IT_SUPPORT,READ,DISCHARGE_SUMMARY,['UNAUTHORIZED_PHI_ACCESS'],CRITICAL,4,2026-06-08T16:07:33.047549,24,9,"['Patient Name', 'Date of Birth', 'Medical Record Number', 'Diagnosis Codes (ICD-10)', 'Lab Results (LOINC)', 'Medications (RxNorm)', 'Clinical Notes']",False,False,OPEN,Immediate notification required
