breach_id,severity,recipient,notify_by,method,status,cfr_ref
BRH000001,MEDIUM,Chief Privacy Officer (CPO),2026-06-14T16:07:33.031922,EMAIL,PENDING,45 CFR §164.404
BRH000001,MEDIUM,Department Manager,2026-06-14T16:07:33.031922,EMAIL,PENDING,45 CFR §164.404
BRH000001,MEDIUM,IT Security Team,2026-06-14T16:07:33.031922,EMAIL,PENDING,45 CFR §164.404
BRH000002,MEDIUM,Chief Privacy Officer (CPO),2026-06-14T16:07:33.031922,EMAIL,PENDING,45 CFR §164.404
BRH000002,MEDIUM,Department Manager,2026-06-14T16:07:33.031922,EMAIL,PENDING,45 CFR §164.404
BRH000002,MEDIUM,IT Security Team,2026-06-14T16:07:33.031922,EMAIL,PENDING,45 CFR §164.404
BRH000003,HIGH,Chief Privacy Officer (CPO),2026-06-10T16:07:33.031922,EMAIL,PENDING,45 CFR §164.404
BRH000003,HIGH,Chief Information Security Officer (CISO),2026-06-10T16:07:33.031922,EMAIL,PENDING,45 CFR §164.404
BRH000003,HIGH,Department Manager,2026-06-10T16:07:33.031922,EMAIL,PENDING,45 CFR §164.404
BRH000003,HIGH,Legal Counsel,2026-06-10T16:07:33.031922,EMAIL,PENDING,45 CFR §164.404
BRH000004,CRITICAL,Chief Privacy Officer (CPO),2026-06-08T16:07:33.031922,EMAIL+PHONE,PENDING,45 CFR §164.404
BRH000004,CRITICAL,Chief Information Security Officer (CISO),2026-06-08T16:07:33.031922,EMAIL+PHONE,PENDING,45 CFR §164.404
BRH000004,CRITICAL,Legal Counsel,2026-06-08T16:07:33.031922,EMAIL+PHONE,PENDING,45 CFR §164.404
BRH000004,CRITICAL,HHS Office for Civil Rights (OCR),2026-06-08T16:07:33.031922,EMAIL+PHONE,PENDING,45 CFR §164.404
BRH000004,CRITICAL,Affected Patients,2026-06-08T16:07:33.031922,EMAIL+PHONE,PENDING,45 CFR §164.404
BRH000004,CRITICAL,Media (if >500 patients affected),2026-06-08T16:07:33.031922,EMAIL+PHONE,PENDING,45 CFR §164.404
BRH000005,HIGH,Chief Privacy Officer (CPO),2026-06-10T16:07:33.031922,EMAIL,PENDING,45 CFR §164.404
BRH000005,HIGH,Chief Information Security Officer (CISO),2026-06-10T16:07:33.031922,EMAIL,PENDING,45 CFR §164.404
BRH000005,HIGH,Department Manager,2026-06-10T16:07:33.031922,EMAIL,PENDING,45 CFR §164.404
BRH000005,HIGH,Legal Counsel,2026-06-10T16:07:33.031922,EMAIL,PENDING,45 CFR §164.404
BRH000006,CRITICAL,Chief Privacy Officer (CPO),2026-06-08T16:07:33.031922,EMAIL+PHONE,PENDING,45 CFR §164.404
BRH000006,CRITICAL,Chief Information Security Officer (CISO),2026-06-08T16:07:33.031922,EMAIL+PHONE,PENDING,45 CFR §164.404
BRH000006,CRITICAL,Legal Counsel,2026-06-08T16:07:33.031922,EMAIL+PHONE,PENDING,45 CFR §164.404
BRH000006,CRITICAL,HHS Office for Civil Rights (OCR),2026-06-08T16:07:33.031922,EMAIL+PHONE,PENDING,45 CFR §164.404
BRH000006,CRITICAL,Affected Patients,2026-06-08T16:07:33.031922,EMAIL+PHONE,PENDING,45 CFR §164.404
BRH000006,CRITICAL,Media (if >500 patients affected),2026-06-08T16:07:33.031922,EMAIL+PHONE,PENDING,45 CFR §164.404
BRH000007,HIGH,Chief Privacy Officer (CPO),2026-06-10T16:07:33.031922,EMAIL,PENDING,45 CFR §164.404
BRH000007,HIGH,Chief Information Security Officer (CISO),2026-06-10T16:07:33.031922,EMAIL,PENDING,45 CFR §164.404
BRH000007,HIGH,Department Manager,2026-06-10T16:07:33.031922,EMAIL,PENDING,45 CFR §164.404
BRH000007,HIGH,Legal Counsel,2026-06-10T16:07:33.031922,EMAIL,PENDING,45 CFR §164.404
BRH000008,CRITICAL,Chief Privacy Officer (CPO),2026-06-08T16:07:33.031922,EMAIL+PHONE,PENDING,45 CFR §164.404
BRH000008,CRITICAL,Chief Information Security Officer (CISO),2026-06-08T16:07:33.031922,EMAIL+PHONE,PENDING,45 CFR §164.404
BRH000008,CRITICAL,Legal Counsel,2026-06-08T16:07:33.031922,EMAIL+PHONE,PENDING,45 CFR §164.404
BRH000008,CRITICAL,HHS Office for Civil Rights (OCR),2026-06-08T16:07:33.031922,EMAIL+PHONE,PENDING,45 CFR §164.404
BRH000008,CRITICAL,Affected Patients,2026-06-08T16:07:33.031922,EMAIL+PHONE,PENDING,45 CFR §164.404
BRH000008,CRITICAL,Media (if >500 patients affected),2026-06-08T16:07:33.031922,EMAIL+PHONE,PENDING,45 CFR §164.404
BRH000009,HIGH,Chief Privacy Officer (CPO),2026-06-10T16:07:33.031922,EMAIL,PENDING,45 CFR §164.404
BRH000009,HIGH,Chief Information Security Officer (CISO),2026-06-10T16:07:33.031922,EMAIL,PENDING,45 CFR §164.404
BRH000009,HIGH,Department Manager,2026-06-10T16:07:33.031922,EMAIL,PENDING,45 CFR §164.404
BRH000009,HIGH,Legal Counsel,2026-06-10T16:07:33.031922,EMAIL,PENDING,45 CFR §164.404
BRH000010,CRITICAL,Chief Privacy Officer (CPO),2026-06-08T16:07:33.031922,EMAIL+PHONE,PENDING,45 CFR §164.404
BRH000010,CRITICAL,Chief Information Security Officer (CISO),2026-06-08T16:07:33.031922,EMAIL+PHONE,PENDING,45 CFR §164.404
BRH000010,CRITICAL,Legal Counsel,2026-06-08T16:07:33.031922,EMAIL+PHONE,PENDING,45 CFR §164.404
BRH000010,CRITICAL,HHS Office for Civil Rights (OCR),2026-06-08T16:07:33.031922,EMAIL+PHONE,PENDING,45 CFR §164.404
BRH000010,CRITICAL,Affected Patients,2026-06-08T16:07:33.031922,EMAIL+PHONE,PENDING,45 CFR §164.404
BRH000010,CRITICAL,Media (if >500 patients affected),2026-06-08T16:07:33.031922,EMAIL+PHONE,PENDING,45 CFR §164.404
BRH000011,CRITICAL,Chief Privacy Officer (CPO),2026-06-08T16:07:33.031922,EMAIL+PHONE,PENDING,45 CFR §164.404
BRH000011,CRITICAL,Chief Information Security Officer (CISO),2026-06-08T16:07:33.031922,EMAIL+PHONE,PENDING,45 CFR §164.404
BRH000011,CRITICAL,Legal Counsel,2026-06-08T16:07:33.031922,EMAIL+PHONE,PENDING,45 CFR §164.404
BRH000011,CRITICAL,HHS Office for Civil Rights (OCR),2026-06-08T16:07:33.031922,EMAIL+PHONE,PENDING,45 CFR §164.404
BRH000011,CRITICAL,Affected Patients,2026-06-08T16:07:33.031922,EMAIL+PHONE,PENDING,45 CFR §164.404
BRH000011,CRITICAL,Media (if >500 patients affected),2026-06-08T16:07:33.031922,EMAIL+PHONE,PENDING,45 CFR §164.404
BRH000012,HIGH,Chief Privacy Officer (CPO),2026-06-10T16:07:33.031922,EMAIL,PENDING,45 CFR §164.404
BRH000012,HIGH,Chief Information Security Officer (CISO),2026-06-10T16:07:33.031922,EMAIL,PENDING,45 CFR §164.404
BRH000012,HIGH,Department Manager,2026-06-10T16:07:33.031922,EMAIL,PENDING,45 CFR §164.404
BRH000012,HIGH,Legal Counsel,2026-06-10T16:07:33.031922,EMAIL,PENDING,45 CFR §164.404
BRH000013,CRITICAL,Chief Privacy Officer (CPO),2026-06-08T16:07:33.031922,EMAIL+PHONE,PENDING,45 CFR §164.404
BRH000013,CRITICAL,Chief Information Security Officer (CISO),2026-06-08T16:07:33.031922,EMAIL+PHONE,PENDING,45 CFR §164.404
BRH000013,CRITICAL,Legal Counsel,2026-06-08T16:07:33.031922,EMAIL+PHONE,PENDING,45 CFR §164.404
BRH000013,CRITICAL,HHS Office for Civil Rights (OCR),2026-06-08T16:07:33.031922,EMAIL+PHONE,PENDING,45 CFR §164.404
BRH000013,CRITICAL,Affected Patients,2026-06-08T16:07:33.031922,EMAIL+PHONE,PENDING,45 CFR §164.404
BRH000013,CRITICAL,Media (if >500 patients affected),2026-06-08T16:07:33.031922,EMAIL+PHONE,PENDING,45 CFR §164.404
BRH000014,CRITICAL,Chief Privacy Officer (CPO),2026-06-08T16:07:33.031922,EMAIL+PHONE,PENDING,45 CFR §164.404
BRH000014,CRITICAL,Chief Information Security Officer (CISO),2026-06-08T16:07:33.031922,EMAIL+PHONE,PENDING,45 CFR §164.404
BRH000014,CRITICAL,Legal Counsel,2026-06-08T16:07:33.031922,EMAIL+PHONE,PENDING,45 CFR §164.404
BRH000014,CRITICAL,HHS Office for Civil Rights (OCR),2026-06-08T16:07:33.031922,EMAIL+PHONE,PENDING,45 CFR §164.404
BRH000014,CRITICAL,Affected Patients,2026-06-08T16:07:33.031922,EMAIL+PHONE,PENDING,45 CFR §164.404
BRH000014,CRITICAL,Media (if >500 patients affected),2026-06-08T16:07:33.031922,EMAIL+PHONE,PENDING,45 CFR §164.404
BRH000015,HIGH,Chief Privacy Officer (CPO),2026-06-10T16:07:33.031922,EMAIL,PENDING,45 CFR §164.404
BRH000015,HIGH,Chief Information Security Officer (CISO),2026-06-10T16:07:33.031922,EMAIL,PENDING,45 CFR §164.404
BRH000015,HIGH,Department Manager,2026-06-10T16:07:33.031922,EMAIL,PENDING,45 CFR §164.404
BRH000015,HIGH,Legal Counsel,2026-06-10T16:07:33.031922,EMAIL,PENDING,45 CFR §164.404
BRH000016,CRITICAL,Chief Privacy Officer (CPO),2026-06-08T16:07:33.031922,EMAIL+PHONE,PENDING,45 CFR §164.404
BRH000016,CRITICAL,Chief Information Security Officer (CISO),2026-06-08T16:07:33.031922,EMAIL+PHONE,PENDING,45 CFR §164.404
BRH000016,CRITICAL,Legal Counsel,2026-06-08T16:07:33.031922,EMAIL+PHONE,PENDING,45 CFR §164.404
BRH000016,CRITICAL,HHS Office for Civil Rights (OCR),2026-06-08T16:07:33.031922,EMAIL+PHONE,PENDING,45 CFR §164.404
BRH000016,CRITICAL,Affected Patients,2026-06-08T16:07:33.031922,EMAIL+PHONE,PENDING,45 CFR §164.404
BRH000016,CRITICAL,Media (if >500 patients affected),2026-06-08T16:07:33.031922,EMAIL+PHONE,PENDING,45 CFR §164.404
BRH000017,HIGH,Chief Privacy Officer (CPO),2026-06-10T16:07:33.031922,EMAIL,PENDING,45 CFR §164.404
BRH000017,HIGH,Chief Information Security Officer (CISO),2026-06-10T16:07:33.031922,EMAIL,PENDING,45 CFR §164.404
BRH000017,HIGH,Department Manager,2026-06-10T16:07:33.031922,EMAIL,PENDING,45 CFR §164.404
BRH000017,HIGH,Legal Counsel,2026-06-10T16:07:33.031922,EMAIL,PENDING,45 CFR §164.404
BRH000018,CRITICAL,Chief Privacy Officer (CPO),2026-06-08T16:07:33.031922,EMAIL+PHONE,PENDING,45 CFR §164.404
BRH000018,CRITICAL,Chief Information Security Officer (CISO),2026-06-08T16:07:33.031922,EMAIL+PHONE,PENDING,45 CFR §164.404
BRH000018,CRITICAL,Legal Counsel,2026-06-08T16:07:33.031922,EMAIL+PHONE,PENDING,45 CFR §164.404
BRH000018,CRITICAL,HHS Office for Civil Rights (OCR),2026-06-08T16:07:33.031922,EMAIL+PHONE,PENDING,45 CFR §164.404
BRH000018,CRITICAL,Affected Patients,2026-06-08T16:07:33.031922,EMAIL+PHONE,PENDING,45 CFR §164.404
BRH000018,CRITICAL,Media (if >500 patients affected),2026-06-08T16:07:33.031922,EMAIL+PHONE,PENDING,45 CFR §164.404
BRH000019,CRITICAL,Chief Privacy Officer (CPO),2026-06-08T16:07:33.031922,EMAIL+PHONE,PENDING,45 CFR §164.404
BRH000019,CRITICAL,Chief Information Security Officer (CISO),2026-06-08T16:07:33.031922,EMAIL+PHONE,PENDING,45 CFR §164.404
BRH000019,CRITICAL,Legal Counsel,2026-06-08T16:07:33.031922,EMAIL+PHONE,PENDING,45 CFR §164.404
BRH000019,CRITICAL,HHS Office for Civil Rights (OCR),2026-06-08T16:07:33.031922,EMAIL+PHONE,PENDING,45 CFR §164.404
BRH000019,CRITICAL,Affected Patients,2026-06-08T16:07:33.031922,EMAIL+PHONE,PENDING,45 CFR §164.404
BRH000019,CRITICAL,Media (if >500 patients affected),2026-06-08T16:07:33.031922,EMAIL+PHONE,PENDING,45 CFR §164.404
BRH000020,MEDIUM,Chief Privacy Officer (CPO),2026-06-14T16:07:33.031922,EMAIL,PENDING,45 CFR §164.404
BRH000020,MEDIUM,Department Manager,2026-06-14T16:07:33.031922,EMAIL,PENDING,45 CFR §164.404
BRH000020,MEDIUM,IT Security Team,2026-06-14T16:07:33.031922,EMAIL,PENDING,45 CFR §164.404
BRH000021,MEDIUM,Chief Privacy Officer (CPO),2026-06-14T16:07:33.031922,EMAIL,PENDING,45 CFR §164.404
BRH000021,MEDIUM,Department Manager,2026-06-14T16:07:33.031922,EMAIL,PENDING,45 CFR §164.404
BRH000021,MEDIUM,IT Security Team,2026-06-14T16:07:33.031922,EMAIL,PENDING,45 CFR §164.404
BRH000022,CRITICAL,Chief Privacy Officer (CPO),2026-06-08T16:07:33.031922,EMAIL+PHONE,PENDING,45 CFR §164.404
BRH000022,CRITICAL,Chief Information Security Officer (CISO),2026-06-08T16:07:33.031922,EMAIL+PHONE,PENDING,45 CFR §164.404
BRH000022,CRITICAL,Legal Counsel,2026-06-08T16:07:33.031922,EMAIL+PHONE,PENDING,45 CFR §164.404
BRH000022,CRITICAL,HHS Office for Civil Rights (OCR),2026-06-08T16:07:33.031922,EMAIL+PHONE,PENDING,45 CFR §164.404
BRH000022,CRITICAL,Affected Patients,2026-06-08T16:07:33.031922,EMAIL+PHONE,PENDING,45 CFR §164.404
BRH000022,CRITICAL,Media (if >500 patients affected),2026-06-08T16:07:33.031922,EMAIL+PHONE,PENDING,45 CFR §164.404
BRH000023,CRITICAL,Chief Privacy Officer (CPO),2026-06-08T16:07:33.031922,EMAIL+PHONE,PENDING,45 CFR §164.404
BRH000023,CRITICAL,Chief Information Security Officer (CISO),2026-06-08T16:07:33.031922,EMAIL+PHONE,PENDING,45 CFR §164.404
BRH000023,CRITICAL,Legal Counsel,2026-06-08T16:07:33.031922,EMAIL+PHONE,PENDING,45 CFR §164.404
BRH000023,CRITICAL,HHS Office for Civil Rights (OCR),2026-06-08T16:07:33.031922,EMAIL+PHONE,PENDING,45 CFR §164.404
BRH000023,CRITICAL,Affected Patients,2026-06-08T16:07:33.031922,EMAIL+PHONE,PENDING,45 CFR §164.404
BRH000023,CRITICAL,Media (if >500 patients affected),2026-06-08T16:07:33.031922,EMAIL+PHONE,PENDING,45 CFR §164.404
BRH000024,HIGH,Chief Privacy Officer (CPO),2026-06-10T16:07:33.031922,EMAIL,PENDING,45 CFR §164.404
BRH000024,HIGH,Chief Information Security Officer (CISO),2026-06-10T16:07:33.031922,EMAIL,PENDING,45 CFR §164.404
BRH000024,HIGH,Department Manager,2026-06-10T16:07:33.031922,EMAIL,PENDING,45 CFR §164.404
BRH000024,HIGH,Legal Counsel,2026-06-10T16:07:33.031922,EMAIL,PENDING,45 CFR §164.404
BRH000025,HIGH,Chief Privacy Officer (CPO),2026-06-10T16:07:33.031922,EMAIL,PENDING,45 CFR §164.404
BRH000025,HIGH,Chief Information Security Officer (CISO),2026-06-10T16:07:33.031922,EMAIL,PENDING,45 CFR §164.404
BRH000025,HIGH,Department Manager,2026-06-10T16:07:33.031922,EMAIL,PENDING,45 CFR §164.404
BRH000025,HIGH,Legal Counsel,2026-06-10T16:07:33.031922,EMAIL,PENDING,45 CFR §164.404
BRH000026,CRITICAL,Chief Privacy Officer (CPO),2026-06-08T16:07:33.031922,EMAIL+PHONE,PENDING,45 CFR §164.404
BRH000026,CRITICAL,Chief Information Security Officer (CISO),2026-06-08T16:07:33.031922,EMAIL+PHONE,PENDING,45 CFR §164.404
BRH000026,CRITICAL,Legal Counsel,2026-06-08T16:07:33.031922,EMAIL+PHONE,PENDING,45 CFR §164.404
BRH000026,CRITICAL,HHS Office for Civil Rights (OCR),2026-06-08T16:07:33.031922,EMAIL+PHONE,PENDING,45 CFR §164.404
BRH000026,CRITICAL,Affected Patients,2026-06-08T16:07:33.031922,EMAIL+PHONE,PENDING,45 CFR §164.404
BRH000026,CRITICAL,Media (if >500 patients affected),2026-06-08T16:07:33.031922,EMAIL+PHONE,PENDING,45 CFR §164.404
BRH000027,HIGH,Chief Privacy Officer (CPO),2026-06-10T16:07:33.031922,EMAIL,PENDING,45 CFR §164.404
BRH000027,HIGH,Chief Information Security Officer (CISO),2026-06-10T16:07:33.031922,EMAIL,PENDING,45 CFR §164.404
BRH000027,HIGH,Department Manager,2026-06-10T16:07:33.031922,EMAIL,PENDING,45 CFR §164.404
BRH000027,HIGH,Legal Counsel,2026-06-10T16:07:33.031922,EMAIL,PENDING,45 CFR §164.404
BRH000028,CRITICAL,Chief Privacy Officer (CPO),2026-06-08T16:07:33.031922,EMAIL+PHONE,PENDING,45 CFR §164.404
BRH000028,CRITICAL,Chief Information Security Officer (CISO),2026-06-08T16:07:33.031922,EMAIL+PHONE,PENDING,45 CFR §164.404
BRH000028,CRITICAL,Legal Counsel,2026-06-08T16:07:33.031922,EMAIL+PHONE,PENDING,45 CFR §164.404
BRH000028,CRITICAL,HHS Office for Civil Rights (OCR),2026-06-08T16:07:33.031922,EMAIL+PHONE,PENDING,45 CFR §164.404
BRH000028,CRITICAL,Affected Patients,2026-06-08T16:07:33.031922,EMAIL+PHONE,PENDING,45 CFR §164.404
BRH000028,CRITICAL,Media (if >500 patients affected),2026-06-08T16:07:33.031922,EMAIL+PHONE,PENDING,45 CFR §164.404
BRH000029,CRITICAL,Chief Privacy Officer (CPO),2026-06-08T16:07:33.031922,EMAIL+PHONE,PENDING,45 CFR §164.404
BRH000029,CRITICAL,Chief Information Security Officer (CISO),2026-06-08T16:07:33.031922,EMAIL+PHONE,PENDING,45 CFR §164.404
BRH000029,CRITICAL,Legal Counsel,2026-06-08T16:07:33.031922,EMAIL+PHONE,PENDING,45 CFR §164.404
BRH000029,CRITICAL,HHS Office for Civil Rights (OCR),2026-06-08T16:07:33.031922,EMAIL+PHONE,PENDING,45 CFR §164.404
BRH000029,CRITICAL,Affected Patients,2026-06-08T16:07:33.031922,EMAIL+PHONE,PENDING,45 CFR §164.404
BRH000029,CRITICAL,Media (if >500 patients affected),2026-06-08T16:07:33.031922,EMAIL+PHONE,PENDING,45 CFR §164.404
BRH000030,CRITICAL,Chief Privacy Officer (CPO),2026-06-08T16:07:33.031922,EMAIL+PHONE,PENDING,45 CFR §164.404
BRH000030,CRITICAL,Chief Information Security Officer (CISO),2026-06-08T16:07:33.031922,EMAIL+PHONE,PENDING,45 CFR §164.404
BRH000030,CRITICAL,Legal Counsel,2026-06-08T16:07:33.031922,EMAIL+PHONE,PENDING,45 CFR §164.404
BRH000030,CRITICAL,HHS Office for Civil Rights (OCR),2026-06-08T16:07:33.031922,EMAIL+PHONE,PENDING,45 CFR §164.404
BRH000030,CRITICAL,Affected Patients,2026-06-08T16:07:33.031922,EMAIL+PHONE,PENDING,45 CFR §164.404
BRH000030,CRITICAL,Media (if >500 patients affected),2026-06-08T16:07:33.031922,EMAIL+PHONE,PENDING,45 CFR §164.404
BRH000031,MEDIUM,Chief Privacy Officer (CPO),2026-06-14T16:07:33.031922,EMAIL,PENDING,45 CFR §164.404
BRH000031,MEDIUM,Department Manager,2026-06-14T16:07:33.031922,EMAIL,PENDING,45 CFR §164.404
BRH000031,MEDIUM,IT Security Team,2026-06-14T16:07:33.031922,EMAIL,PENDING,45 CFR §164.404
BRH000032,CRITICAL,Chief Privacy Officer (CPO),2026-06-08T16:07:33.031922,EMAIL+PHONE,PENDING,45 CFR §164.404
BRH000032,CRITICAL,Chief Information Security Officer (CISO),2026-06-08T16:07:33.031922,EMAIL+PHONE,PENDING,45 CFR §164.404
BRH000032,CRITICAL,Legal Counsel,2026-06-08T16:07:33.031922,EMAIL+PHONE,PENDING,45 CFR §164.404
BRH000032,CRITICAL,HHS Office for Civil Rights (OCR),2026-06-08T16:07:33.031922,EMAIL+PHONE,PENDING,45 CFR §164.404
BRH000032,CRITICAL,Affected Patients,2026-06-08T16:07:33.031922,EMAIL+PHONE,PENDING,45 CFR §164.404
BRH000032,CRITICAL,Media (if >500 patients affected),2026-06-08T16:07:33.031922,EMAIL+PHONE,PENDING,45 CFR §164.404
BRH000033,HIGH,Chief Privacy Officer (CPO),2026-06-10T16:07:33.031922,EMAIL,PENDING,45 CFR §164.404
BRH000033,HIGH,Chief Information Security Officer (CISO),2026-06-10T16:07:33.031922,EMAIL,PENDING,45 CFR §164.404
BRH000033,HIGH,Department Manager,2026-06-10T16:07:33.031922,EMAIL,PENDING,45 CFR §164.404
BRH000033,HIGH,Legal Counsel,2026-06-10T16:07:33.031922,EMAIL,PENDING,45 CFR §164.404
BRH000034,CRITICAL,Chief Privacy Officer (CPO),2026-06-08T16:07:33.031922,EMAIL+PHONE,PENDING,45 CFR §164.404
BRH000034,CRITICAL,Chief Information Security Officer (CISO),2026-06-08T16:07:33.031922,EMAIL+PHONE,PENDING,45 CFR §164.404
BRH000034,CRITICAL,Legal Counsel,2026-06-08T16:07:33.031922,EMAIL+PHONE,PENDING,45 CFR §164.404
BRH000034,CRITICAL,HHS Office for Civil Rights (OCR),2026-06-08T16:07:33.031922,EMAIL+PHONE,PENDING,45 CFR §164.404
BRH000034,CRITICAL,Affected Patients,2026-06-08T16:07:33.031922,EMAIL+PHONE,PENDING,45 CFR §164.404
BRH000034,CRITICAL,Media (if >500 patients affected),2026-06-08T16:07:33.031922,EMAIL+PHONE,PENDING,45 CFR §164.404
BRH000035,CRITICAL,Chief Privacy Officer (CPO),2026-06-08T16:07:33.031922,EMAIL+PHONE,PENDING,45 CFR §164.404
BRH000035,CRITICAL,Chief Information Security Officer (CISO),2026-06-08T16:07:33.031922,EMAIL+PHONE,PENDING,45 CFR §164.404
BRH000035,CRITICAL,Legal Counsel,2026-06-08T16:07:33.031922,EMAIL+PHONE,PENDING,45 CFR §164.404
BRH000035,CRITICAL,HHS Office for Civil Rights (OCR),2026-06-08T16:07:33.031922,EMAIL+PHONE,PENDING,45 CFR §164.404
BRH000035,CRITICAL,Affected Patients,2026-06-08T16:07:33.031922,EMAIL+PHONE,PENDING,45 CFR §164.404
BRH000035,CRITICAL,Media (if >500 patients affected),2026-06-08T16:07:33.031922,EMAIL+PHONE,PENDING,45 CFR §164.404
BRH000036,CRITICAL,Chief Privacy Officer (CPO),2026-06-08T16:07:33.031922,EMAIL+PHONE,PENDING,45 CFR §164.404
BRH000036,CRITICAL,Chief Information Security Officer (CISO),2026-06-08T16:07:33.031922,EMAIL+PHONE,PENDING,45 CFR §164.404
BRH000036,CRITICAL,Legal Counsel,2026-06-08T16:07:33.031922,EMAIL+PHONE,PENDING,45 CFR §164.404
BRH000036,CRITICAL,HHS Office for Civil Rights (OCR),2026-06-08T16:07:33.031922,EMAIL+PHONE,PENDING,45 CFR §164.404
BRH000036,CRITICAL,Affected Patients,2026-06-08T16:07:33.031922,EMAIL+PHONE,PENDING,45 CFR §164.404
BRH000036,CRITICAL,Media (if >500 patients affected),2026-06-08T16:07:33.031922,EMAIL+PHONE,PENDING,45 CFR §164.404
BRH000037,HIGH,Chief Privacy Officer (CPO),2026-06-10T16:07:33.031922,EMAIL,PENDING,45 CFR §164.404
BRH000037,HIGH,Chief Information Security Officer (CISO),2026-06-10T16:07:33.031922,EMAIL,PENDING,45 CFR §164.404
BRH000037,HIGH,Department Manager,2026-06-10T16:07:33.031922,EMAIL,PENDING,45 CFR §164.404
BRH000037,HIGH,Legal Counsel,2026-06-10T16:07:33.031922,EMAIL,PENDING,45 CFR §164.404
BRH000038,HIGH,Chief Privacy Officer (CPO),2026-06-10T16:07:33.031922,EMAIL,PENDING,45 CFR §164.404
BRH000038,HIGH,Chief Information Security Officer (CISO),2026-06-10T16:07:33.031922,EMAIL,PENDING,45 CFR §164.404
BRH000038,HIGH,Department Manager,2026-06-10T16:07:33.031922,EMAIL,PENDING,45 CFR §164.404
BRH000038,HIGH,Legal Counsel,2026-06-10T16:07:33.031922,EMAIL,PENDING,45 CFR §164.404
BRH000039,CRITICAL,Chief Privacy Officer (CPO),2026-06-08T16:07:33.031922,EMAIL+PHONE,PENDING,45 CFR §164.404
BRH000039,CRITICAL,Chief Information Security Officer (CISO),2026-06-08T16:07:33.031922,EMAIL+PHONE,PENDING,45 CFR §164.404
BRH000039,CRITICAL,Legal Counsel,2026-06-08T16:07:33.031922,EMAIL+PHONE,PENDING,45 CFR §164.404
BRH000039,CRITICAL,HHS Office for Civil Rights (OCR),2026-06-08T16:07:33.031922,EMAIL+PHONE,PENDING,45 CFR §164.404
BRH000039,CRITICAL,Affected Patients,2026-06-08T16:07:33.031922,EMAIL+PHONE,PENDING,45 CFR §164.404
BRH000039,CRITICAL,Media (if >500 patients affected),2026-06-08T16:07:33.031922,EMAIL+PHONE,PENDING,45 CFR §164.404
BRH000040,HIGH,Chief Privacy Officer (CPO),2026-06-10T16:07:33.031922,EMAIL,PENDING,45 CFR §164.404
BRH000040,HIGH,Chief Information Security Officer (CISO),2026-06-10T16:07:33.031922,EMAIL,PENDING,45 CFR §164.404
BRH000040,HIGH,Department Manager,2026-06-10T16:07:33.031922,EMAIL,PENDING,45 CFR §164.404
BRH000040,HIGH,Legal Counsel,2026-06-10T16:07:33.031922,EMAIL,PENDING,45 CFR §164.404
BRH000041,MEDIUM,Chief Privacy Officer (CPO),2026-06-14T16:07:33.031922,EMAIL,PENDING,45 CFR §164.404
BRH000041,MEDIUM,Department Manager,2026-06-14T16:07:33.031922,EMAIL,PENDING,45 CFR §164.404
BRH000041,MEDIUM,IT Security Team,2026-06-14T16:07:33.031922,EMAIL,PENDING,45 CFR §164.404
BRH000042,CRITICAL,Chief Privacy Officer (CPO),2026-06-08T16:07:33.031922,EMAIL+PHONE,PENDING,45 CFR §164.404
BRH000042,CRITICAL,Chief Information Security Officer (CISO),2026-06-08T16:07:33.031922,EMAIL+PHONE,PENDING,45 CFR §164.404
BRH000042,CRITICAL,Legal Counsel,2026-06-08T16:07:33.031922,EMAIL+PHONE,PENDING,45 CFR §164.404
BRH000042,CRITICAL,HHS Office for Civil Rights (OCR),2026-06-08T16:07:33.031922,EMAIL+PHONE,PENDING,45 CFR §164.404
BRH000042,CRITICAL,Affected Patients,2026-06-08T16:07:33.031922,EMAIL+PHONE,PENDING,45 CFR §164.404
BRH000042,CRITICAL,Media (if >500 patients affected),2026-06-08T16:07:33.031922,EMAIL+PHONE,PENDING,45 CFR §164.404
BRH000043,MEDIUM,Chief Privacy Officer (CPO),2026-06-14T16:07:33.031922,EMAIL,PENDING,45 CFR §164.404
BRH000043,MEDIUM,Department Manager,2026-06-14T16:07:33.031922,EMAIL,PENDING,45 CFR §164.404
BRH000043,MEDIUM,IT Security Team,2026-06-14T16:07:33.031922,EMAIL,PENDING,45 CFR §164.404
BRH000044,CRITICAL,Chief Privacy Officer (CPO),2026-06-08T16:07:33.031922,EMAIL+PHONE,PENDING,45 CFR §164.404
BRH000044,CRITICAL,Chief Information Security Officer (CISO),2026-06-08T16:07:33.031922,EMAIL+PHONE,PENDING,45 CFR §164.404
BRH000044,CRITICAL,Legal Counsel,2026-06-08T16:07:33.031922,EMAIL+PHONE,PENDING,45 CFR §164.404
BRH000044,CRITICAL,HHS Office for Civil Rights (OCR),2026-06-08T16:07:33.031922,EMAIL+PHONE,PENDING,45 CFR §164.404
BRH000044,CRITICAL,Affected Patients,2026-06-08T16:07:33.031922,EMAIL+PHONE,PENDING,45 CFR §164.404
BRH000044,CRITICAL,Media (if >500 patients affected),2026-06-08T16:07:33.031922,EMAIL+PHONE,PENDING,45 CFR §164.404
BRH000045,HIGH,Chief Privacy Officer (CPO),2026-06-10T16:07:33.031922,EMAIL,PENDING,45 CFR §164.404
BRH000045,HIGH,Chief Information Security Officer (CISO),2026-06-10T16:07:33.031922,EMAIL,PENDING,45 CFR §164.404
BRH000045,HIGH,Department Manager,2026-06-10T16:07:33.031922,EMAIL,PENDING,45 CFR §164.404
BRH000045,HIGH,Legal Counsel,2026-06-10T16:07:33.031922,EMAIL,PENDING,45 CFR §164.404
BRH000046,CRITICAL,Chief Privacy Officer (CPO),2026-06-08T16:07:33.031922,EMAIL+PHONE,PENDING,45 CFR §164.404
BRH000046,CRITICAL,Chief Information Security Officer (CISO),2026-06-08T16:07:33.031922,EMAIL+PHONE,PENDING,45 CFR §164.404
BRH000046,CRITICAL,Legal Counsel,2026-06-08T16:07:33.031922,EMAIL+PHONE,PENDING,45 CFR §164.404
BRH000046,CRITICAL,HHS Office for Civil Rights (OCR),2026-06-08T16:07:33.031922,EMAIL+PHONE,PENDING,45 CFR §164.404
BRH000046,CRITICAL,Affected Patients,2026-06-08T16:07:33.031922,EMAIL+PHONE,PENDING,45 CFR §164.404
BRH000046,CRITICAL,Media (if >500 patients affected),2026-06-08T16:07:33.031922,EMAIL+PHONE,PENDING,45 CFR §164.404
BRH000047,CRITICAL,Chief Privacy Officer (CPO),2026-06-08T16:07:33.031922,EMAIL+PHONE,PENDING,45 CFR §164.404
BRH000047,CRITICAL,Chief Information Security Officer (CISO),2026-06-08T16:07:33.031922,EMAIL+PHONE,PENDING,45 CFR §164.404
BRH000047,CRITICAL,Legal Counsel,2026-06-08T16:07:33.031922,EMAIL+PHONE,PENDING,45 CFR §164.404
BRH000047,CRITICAL,HHS Office for Civil Rights (OCR),2026-06-08T16:07:33.031922,EMAIL+PHONE,PENDING,45 CFR §164.404
BRH000047,CRITICAL,Affected Patients,2026-06-08T16:07:33.031922,EMAIL+PHONE,PENDING,45 CFR §164.404
BRH000047,CRITICAL,Media (if >500 patients affected),2026-06-08T16:07:33.031922,EMAIL+PHONE,PENDING,45 CFR §164.404
BRH000048,MEDIUM,Chief Privacy Officer (CPO),2026-06-14T16:07:33.031922,EMAIL,PENDING,45 CFR §164.404
BRH000048,MEDIUM,Department Manager,2026-06-14T16:07:33.031922,EMAIL,PENDING,45 CFR §164.404
BRH000048,MEDIUM,IT Security Team,2026-06-14T16:07:33.031922,EMAIL,PENDING,45 CFR §164.404
BRH000049,CRITICAL,Chief Privacy Officer (CPO),2026-06-08T16:07:33.031922,EMAIL+PHONE,PENDING,45 CFR §164.404
BRH000049,CRITICAL,Chief Information Security Officer (CISO),2026-06-08T16:07:33.031922,EMAIL+PHONE,PENDING,45 CFR §164.404
BRH000049,CRITICAL,Legal Counsel,2026-06-08T16:07:33.031922,EMAIL+PHONE,PENDING,45 CFR §164.404
BRH000049,CRITICAL,HHS Office for Civil Rights (OCR),2026-06-08T16:07:33.031922,EMAIL+PHONE,PENDING,45 CFR §164.404
BRH000049,CRITICAL,Affected Patients,2026-06-08T16:07:33.031922,EMAIL+PHONE,PENDING,45 CFR §164.404
BRH000049,CRITICAL,Media (if >500 patients affected),2026-06-08T16:07:33.031922,EMAIL+PHONE,PENDING,45 CFR §164.404
BRH000050,CRITICAL,Chief Privacy Officer (CPO),2026-06-08T16:07:33.031922,EMAIL+PHONE,PENDING,45 CFR §164.404
BRH000050,CRITICAL,Chief Information Security Officer (CISO),2026-06-08T16:07:33.031922,EMAIL+PHONE,PENDING,45 CFR §164.404
BRH000050,CRITICAL,Legal Counsel,2026-06-08T16:07:33.031922,EMAIL+PHONE,PENDING,45 CFR §164.404
BRH000050,CRITICAL,HHS Office for Civil Rights (OCR),2026-06-08T16:07:33.031922,EMAIL+PHONE,PENDING,45 CFR §164.404
BRH000050,CRITICAL,Affected Patients,2026-06-08T16:07:33.031922,EMAIL+PHONE,PENDING,45 CFR §164.404
BRH000050,CRITICAL,Media (if >500 patients affected),2026-06-08T16:07:33.031922,EMAIL+PHONE,PENDING,45 CFR §164.404
BRH000051,CRITICAL,Chief Privacy Officer (CPO),2026-06-08T16:07:33.031922,EMAIL+PHONE,PENDING,45 CFR §164.404
BRH000051,CRITICAL,Chief Information Security Officer (CISO),2026-06-08T16:07:33.031922,EMAIL+PHONE,PENDING,45 CFR §164.404
BRH000051,CRITICAL,Legal Counsel,2026-06-08T16:07:33.031922,EMAIL+PHONE,PENDING,45 CFR §164.404
BRH000051,CRITICAL,HHS Office for Civil Rights (OCR),2026-06-08T16:07:33.031922,EMAIL+PHONE,PENDING,45 CFR §164.404
BRH000051,CRITICAL,Affected Patients,2026-06-08T16:07:33.031922,EMAIL+PHONE,PENDING,45 CFR §164.404
BRH000051,CRITICAL,Media (if >500 patients affected),2026-06-08T16:07:33.031922,EMAIL+PHONE,PENDING,45 CFR §164.404
BRH000052,CRITICAL,Chief Privacy Officer (CPO),2026-06-08T16:07:33.031922,EMAIL+PHONE,PENDING,45 CFR §164.404
BRH000052,CRITICAL,Chief Information Security Officer (CISO),2026-06-08T16:07:33.031922,EMAIL+PHONE,PENDING,45 CFR §164.404
BRH000052,CRITICAL,Legal Counsel,2026-06-08T16:07:33.031922,EMAIL+PHONE,PENDING,45 CFR §164.404
BRH000052,CRITICAL,HHS Office for Civil Rights (OCR),2026-06-08T16:07:33.031922,EMAIL+PHONE,PENDING,45 CFR §164.404
BRH000052,CRITICAL,Affected Patients,2026-06-08T16:07:33.031922,EMAIL+PHONE,PENDING,45 CFR §164.404
BRH000052,CRITICAL,Media (if >500 patients affected),2026-06-08T16:07:33.031922,EMAIL+PHONE,PENDING,45 CFR §164.404
BRH000053,CRITICAL,Chief Privacy Officer (CPO),2026-06-08T16:07:33.031922,EMAIL+PHONE,PENDING,45 CFR §164.404
BRH000053,CRITICAL,Chief Information Security Officer (CISO),2026-06-08T16:07:33.031922,EMAIL+PHONE,PENDING,45 CFR §164.404
BRH000053,CRITICAL,Legal Counsel,2026-06-08T16:07:33.031922,EMAIL+PHONE,PENDING,45 CFR §164.404
BRH000053,CRITICAL,HHS Office for Civil Rights (OCR),2026-06-08T16:07:33.031922,EMAIL+PHONE,PENDING,45 CFR §164.404
BRH000053,CRITICAL,Affected Patients,2026-06-08T16:07:33.031922,EMAIL+PHONE,PENDING,45 CFR §164.404
BRH000053,CRITICAL,Media (if >500 patients affected),2026-06-08T16:07:33.031922,EMAIL+PHONE,PENDING,45 CFR §164.404
BRH000054,MEDIUM,Chief Privacy Officer (CPO),2026-06-14T16:07:33.031922,EMAIL,PENDING,45 CFR §164.404
BRH000054,MEDIUM,Department Manager,2026-06-14T16:07:33.031922,EMAIL,PENDING,45 CFR §164.404
BRH000054,MEDIUM,IT Security Team,2026-06-14T16:07:33.031922,EMAIL,PENDING,45 CFR §164.404
BRH000055,CRITICAL,Chief Privacy Officer (CPO),2026-06-08T16:07:33.031922,EMAIL+PHONE,PENDING,45 CFR §164.404
BRH000055,CRITICAL,Chief Information Security Officer (CISO),2026-06-08T16:07:33.031922,EMAIL+PHONE,PENDING,45 CFR §164.404
BRH000055,CRITICAL,Legal Counsel,2026-06-08T16:07:33.031922,EMAIL+PHONE,PENDING,45 CFR §164.404
BRH000055,CRITICAL,HHS Office for Civil Rights (OCR),2026-06-08T16:07:33.031922,EMAIL+PHONE,PENDING,45 CFR §164.404
BRH000055,CRITICAL,Affected Patients,2026-06-08T16:07:33.031922,EMAIL+PHONE,PENDING,45 CFR §164.404
BRH000055,CRITICAL,Media (if >500 patients affected),2026-06-08T16:07:33.031922,EMAIL+PHONE,PENDING,45 CFR §164.404
BRH000056,MEDIUM,Chief Privacy Officer (CPO),2026-06-14T16:07:33.031922,EMAIL,PENDING,45 CFR §164.404
BRH000056,MEDIUM,Department Manager,2026-06-14T16:07:33.031922,EMAIL,PENDING,45 CFR §164.404
BRH000056,MEDIUM,IT Security Team,2026-06-14T16:07:33.031922,EMAIL,PENDING,45 CFR §164.404
BRH000057,CRITICAL,Chief Privacy Officer (CPO),2026-06-08T16:07:33.031922,EMAIL+PHONE,PENDING,45 CFR §164.404
BRH000057,CRITICAL,Chief Information Security Officer (CISO),2026-06-08T16:07:33.031922,EMAIL+PHONE,PENDING,45 CFR §164.404
BRH000057,CRITICAL,Legal Counsel,2026-06-08T16:07:33.031922,EMAIL+PHONE,PENDING,45 CFR §164.404
BRH000057,CRITICAL,HHS Office for Civil Rights (OCR),2026-06-08T16:07:33.031922,EMAIL+PHONE,PENDING,45 CFR §164.404
BRH000057,CRITICAL,Affected Patients,2026-06-08T16:07:33.031922,EMAIL+PHONE,PENDING,45 CFR §164.404
BRH000057,CRITICAL,Media (if >500 patients affected),2026-06-08T16:07:33.031922,EMAIL+PHONE,PENDING,45 CFR §164.404
BRH000058,CRITICAL,Chief Privacy Officer (CPO),2026-06-08T16:07:33.031922,EMAIL+PHONE,PENDING,45 CFR §164.404
BRH000058,CRITICAL,Chief Information Security Officer (CISO),2026-06-08T16:07:33.031922,EMAIL+PHONE,PENDING,45 CFR §164.404
BRH000058,CRITICAL,Legal Counsel,2026-06-08T16:07:33.031922,EMAIL+PHONE,PENDING,45 CFR §164.404
BRH000058,CRITICAL,HHS Office for Civil Rights (OCR),2026-06-08T16:07:33.031922,EMAIL+PHONE,PENDING,45 CFR §164.404
BRH000058,CRITICAL,Affected Patients,2026-06-08T16:07:33.031922,EMAIL+PHONE,PENDING,45 CFR §164.404
BRH000058,CRITICAL,Media (if >500 patients affected),2026-06-08T16:07:33.031922,EMAIL+PHONE,PENDING,45 CFR §164.404
BRH000059,CRITICAL,Chief Privacy Officer (CPO),2026-06-08T16:07:33.031922,EMAIL+PHONE,PENDING,45 CFR §164.404
BRH000059,CRITICAL,Chief Information Security Officer (CISO),2026-06-08T16:07:33.031922,EMAIL+PHONE,PENDING,45 CFR §164.404
BRH000059,CRITICAL,Legal Counsel,2026-06-08T16:07:33.031922,EMAIL+PHONE,PENDING,45 CFR §164.404
BRH000059,CRITICAL,HHS Office for Civil Rights (OCR),2026-06-08T16:07:33.031922,EMAIL+PHONE,PENDING,45 CFR §164.404
BRH000059,CRITICAL,Affected Patients,2026-06-08T16:07:33.031922,EMAIL+PHONE,PENDING,45 CFR §164.404
BRH000059,CRITICAL,Media (if >500 patients affected),2026-06-08T16:07:33.031922,EMAIL+PHONE,PENDING,45 CFR §164.404
BRH000060,CRITICAL,Chief Privacy Officer (CPO),2026-06-08T16:07:33.031922,EMAIL+PHONE,PENDING,45 CFR §164.404
BRH000060,CRITICAL,Chief Information Security Officer (CISO),2026-06-08T16:07:33.031922,EMAIL+PHONE,PENDING,45 CFR §164.404
BRH000060,CRITICAL,Legal Counsel,2026-06-08T16:07:33.031922,EMAIL+PHONE,PENDING,45 CFR §164.404
BRH000060,CRITICAL,HHS Office for Civil Rights (OCR),2026-06-08T16:07:33.031922,EMAIL+PHONE,PENDING,45 CFR §164.404
BRH000060,CRITICAL,Affected Patients,2026-06-08T16:07:33.031922,EMAIL+PHONE,PENDING,45 CFR §164.404
BRH000060,CRITICAL,Media (if >500 patients affected),2026-06-08T16:07:33.031922,EMAIL+PHONE,PENDING,45 CFR §164.404
BRH000061,CRITICAL,Chief Privacy Officer (CPO),2026-06-08T16:07:33.031922,EMAIL+PHONE,PENDING,45 CFR §164.404
BRH000061,CRITICAL,Chief Information Security Officer (CISO),2026-06-08T16:07:33.031922,EMAIL+PHONE,PENDING,45 CFR §164.404
BRH000061,CRITICAL,Legal Counsel,2026-06-08T16:07:33.031922,EMAIL+PHONE,PENDING,45 CFR §164.404
BRH000061,CRITICAL,HHS Office for Civil Rights (OCR),2026-06-08T16:07:33.031922,EMAIL+PHONE,PENDING,45 CFR §164.404
BRH000061,CRITICAL,Affected Patients,2026-06-08T16:07:33.031922,EMAIL+PHONE,PENDING,45 CFR §164.404
BRH000061,CRITICAL,Media (if >500 patients affected),2026-06-08T16:07:33.031922,EMAIL+PHONE,PENDING,45 CFR §164.404
BRH000062,CRITICAL,Chief Privacy Officer (CPO),2026-06-08T16:07:33.031922,EMAIL+PHONE,PENDING,45 CFR §164.404
BRH000062,CRITICAL,Chief Information Security Officer (CISO),2026-06-08T16:07:33.031922,EMAIL+PHONE,PENDING,45 CFR §164.404
BRH000062,CRITICAL,Legal Counsel,2026-06-08T16:07:33.031922,EMAIL+PHONE,PENDING,45 CFR §164.404
BRH000062,CRITICAL,HHS Office for Civil Rights (OCR),2026-06-08T16:07:33.031922,EMAIL+PHONE,PENDING,45 CFR §164.404
BRH000062,CRITICAL,Affected Patients,2026-06-08T16:07:33.031922,EMAIL+PHONE,PENDING,45 CFR §164.404
BRH000062,CRITICAL,Media (if >500 patients affected),2026-06-08T16:07:33.031922,EMAIL+PHONE,PENDING,45 CFR §164.404
BRH000063,HIGH,Chief Privacy Officer (CPO),2026-06-10T16:07:33.031922,EMAIL,PENDING,45 CFR §164.404
BRH000063,HIGH,Chief Information Security Officer (CISO),2026-06-10T16:07:33.031922,EMAIL,PENDING,45 CFR §164.404
BRH000063,HIGH,Department Manager,2026-06-10T16:07:33.031922,EMAIL,PENDING,45 CFR §164.404
BRH000063,HIGH,Legal Counsel,2026-06-10T16:07:33.031922,EMAIL,PENDING,45 CFR §164.404
BRH000064,HIGH,Chief Privacy Officer (CPO),2026-06-10T16:07:33.031922,EMAIL,PENDING,45 CFR §164.404
BRH000064,HIGH,Chief Information Security Officer (CISO),2026-06-10T16:07:33.031922,EMAIL,PENDING,45 CFR §164.404
BRH000064,HIGH,Department Manager,2026-06-10T16:07:33.031922,EMAIL,PENDING,45 CFR §164.404
BRH000064,HIGH,Legal Counsel,2026-06-10T16:07:33.031922,EMAIL,PENDING,45 CFR §164.404
BRH000065,CRITICAL,Chief Privacy Officer (CPO),2026-06-08T16:07:33.031922,EMAIL+PHONE,PENDING,45 CFR §164.404
BRH000065,CRITICAL,Chief Information Security Officer (CISO),2026-06-08T16:07:33.031922,EMAIL+PHONE,PENDING,45 CFR §164.404
BRH000065,CRITICAL,Legal Counsel,2026-06-08T16:07:33.031922,EMAIL+PHONE,PENDING,45 CFR §164.404
BRH000065,CRITICAL,HHS Office for Civil Rights (OCR),2026-06-08T16:07:33.031922,EMAIL+PHONE,PENDING,45 CFR §164.404
BRH000065,CRITICAL,Affected Patients,2026-06-08T16:07:33.031922,EMAIL+PHONE,PENDING,45 CFR §164.404
BRH000065,CRITICAL,Media (if >500 patients affected),2026-06-08T16:07:33.031922,EMAIL+PHONE,PENDING,45 CFR §164.404
BRH000066,CRITICAL,Chief Privacy Officer (CPO),2026-06-08T16:07:33.031922,EMAIL+PHONE,PENDING,45 CFR §164.404
BRH000066,CRITICAL,Chief Information Security Officer (CISO),2026-06-08T16:07:33.031922,EMAIL+PHONE,PENDING,45 CFR §164.404
BRH000066,CRITICAL,Legal Counsel,2026-06-08T16:07:33.031922,EMAIL+PHONE,PENDING,45 CFR §164.404
BRH000066,CRITICAL,HHS Office for Civil Rights (OCR),2026-06-08T16:07:33.031922,EMAIL+PHONE,PENDING,45 CFR §164.404
BRH000066,CRITICAL,Affected Patients,2026-06-08T16:07:33.031922,EMAIL+PHONE,PENDING,45 CFR §164.404
BRH000066,CRITICAL,Media (if >500 patients affected),2026-06-08T16:07:33.031922,EMAIL+PHONE,PENDING,45 CFR §164.404
BRH000067,HIGH,Chief Privacy Officer (CPO),2026-06-10T16:07:33.031922,EMAIL,PENDING,45 CFR §164.404
BRH000067,HIGH,Chief Information Security Officer (CISO),2026-06-10T16:07:33.031922,EMAIL,PENDING,45 CFR §164.404
BRH000067,HIGH,Department Manager,2026-06-10T16:07:33.031922,EMAIL,PENDING,45 CFR §164.404
BRH000067,HIGH,Legal Counsel,2026-06-10T16:07:33.031922,EMAIL,PENDING,45 CFR §164.404
BRH000068,CRITICAL,Chief Privacy Officer (CPO),2026-06-08T16:07:33.031922,EMAIL+PHONE,PENDING,45 CFR §164.404
BRH000068,CRITICAL,Chief Information Security Officer (CISO),2026-06-08T16:07:33.031922,EMAIL+PHONE,PENDING,45 CFR §164.404
BRH000068,CRITICAL,Legal Counsel,2026-06-08T16:07:33.031922,EMAIL+PHONE,PENDING,45 CFR §164.404
BRH000068,CRITICAL,HHS Office for Civil Rights (OCR),2026-06-08T16:07:33.031922,EMAIL+PHONE,PENDING,45 CFR §164.404
BRH000068,CRITICAL,Affected Patients,2026-06-08T16:07:33.031922,EMAIL+PHONE,PENDING,45 CFR §164.404
BRH000068,CRITICAL,Media (if >500 patients affected),2026-06-08T16:07:33.031922,EMAIL+PHONE,PENDING,45 CFR §164.404
BRH000069,CRITICAL,Chief Privacy Officer (CPO),2026-06-08T16:07:33.031922,EMAIL+PHONE,PENDING,45 CFR §164.404
BRH000069,CRITICAL,Chief Information Security Officer (CISO),2026-06-08T16:07:33.031922,EMAIL+PHONE,PENDING,45 CFR §164.404
BRH000069,CRITICAL,Legal Counsel,2026-06-08T16:07:33.031922,EMAIL+PHONE,PENDING,45 CFR §164.404
BRH000069,CRITICAL,HHS Office for Civil Rights (OCR),2026-06-08T16:07:33.031922,EMAIL+PHONE,PENDING,45 CFR §164.404
BRH000069,CRITICAL,Affected Patients,2026-06-08T16:07:33.031922,EMAIL+PHONE,PENDING,45 CFR §164.404
BRH000069,CRITICAL,Media (if >500 patients affected),2026-06-08T16:07:33.031922,EMAIL+PHONE,PENDING,45 CFR §164.404
BRH000070,CRITICAL,Chief Privacy Officer (CPO),2026-06-08T16:07:33.031922,EMAIL+PHONE,PENDING,45 CFR §164.404
BRH000070,CRITICAL,Chief Information Security Officer (CISO),2026-06-08T16:07:33.031922,EMAIL+PHONE,PENDING,45 CFR §164.404
BRH000070,CRITICAL,Legal Counsel,2026-06-08T16:07:33.031922,EMAIL+PHONE,PENDING,45 CFR §164.404
BRH000070,CRITICAL,HHS Office for Civil Rights (OCR),2026-06-08T16:07:33.031922,EMAIL+PHONE,PENDING,45 CFR §164.404
BRH000070,CRITICAL,Affected Patients,2026-06-08T16:07:33.031922,EMAIL+PHONE,PENDING,45 CFR §164.404
BRH000070,CRITICAL,Media (if >500 patients affected),2026-06-08T16:07:33.031922,EMAIL+PHONE,PENDING,45 CFR §164.404
BRH000071,CRITICAL,Chief Privacy Officer (CPO),2026-06-08T16:07:33.031922,EMAIL+PHONE,PENDING,45 CFR §164.404
BRH000071,CRITICAL,Chief Information Security Officer (CISO),2026-06-08T16:07:33.031922,EMAIL+PHONE,PENDING,45 CFR §164.404
BRH000071,CRITICAL,Legal Counsel,2026-06-08T16:07:33.031922,EMAIL+PHONE,PENDING,45 CFR §164.404
BRH000071,CRITICAL,HHS Office for Civil Rights (OCR),2026-06-08T16:07:33.031922,EMAIL+PHONE,PENDING,45 CFR §164.404
BRH000071,CRITICAL,Affected Patients,2026-06-08T16:07:33.031922,EMAIL+PHONE,PENDING,45 CFR §164.404
BRH000071,CRITICAL,Media (if >500 patients affected),2026-06-08T16:07:33.031922,EMAIL+PHONE,PENDING,45 CFR §164.404
BRH000072,HIGH,Chief Privacy Officer (CPO),2026-06-10T16:07:33.031922,EMAIL,PENDING,45 CFR §164.404
BRH000072,HIGH,Chief Information Security Officer (CISO),2026-06-10T16:07:33.031922,EMAIL,PENDING,45 CFR §164.404
BRH000072,HIGH,Department Manager,2026-06-10T16:07:33.031922,EMAIL,PENDING,45 CFR §164.404
BRH000072,HIGH,Legal Counsel,2026-06-10T16:07:33.031922,EMAIL,PENDING,45 CFR §164.404
BRH000073,CRITICAL,Chief Privacy Officer (CPO),2026-06-08T16:07:33.031922,EMAIL+PHONE,PENDING,45 CFR §164.404
BRH000073,CRITICAL,Chief Information Security Officer (CISO),2026-06-08T16:07:33.031922,EMAIL+PHONE,PENDING,45 CFR §164.404
BRH000073,CRITICAL,Legal Counsel,2026-06-08T16:07:33.031922,EMAIL+PHONE,PENDING,45 CFR §164.404
BRH000073,CRITICAL,HHS Office for Civil Rights (OCR),2026-06-08T16:07:33.031922,EMAIL+PHONE,PENDING,45 CFR §164.404
BRH000073,CRITICAL,Affected Patients,2026-06-08T16:07:33.031922,EMAIL+PHONE,PENDING,45 CFR §164.404
BRH000073,CRITICAL,Media (if >500 patients affected),2026-06-08T16:07:33.031922,EMAIL+PHONE,PENDING,45 CFR §164.404
BRH000074,CRITICAL,Chief Privacy Officer (CPO),2026-06-08T16:07:33.031922,EMAIL+PHONE,PENDING,45 CFR §164.404
BRH000074,CRITICAL,Chief Information Security Officer (CISO),2026-06-08T16:07:33.031922,EMAIL+PHONE,PENDING,45 CFR §164.404
BRH000074,CRITICAL,Legal Counsel,2026-06-08T16:07:33.031922,EMAIL+PHONE,PENDING,45 CFR §164.404
BRH000074,CRITICAL,HHS Office for Civil Rights (OCR),2026-06-08T16:07:33.031922,EMAIL+PHONE,PENDING,45 CFR §164.404
BRH000074,CRITICAL,Affected Patients,2026-06-08T16:07:33.031922,EMAIL+PHONE,PENDING,45 CFR §164.404
BRH000074,CRITICAL,Media (if >500 patients affected),2026-06-08T16:07:33.031922,EMAIL+PHONE,PENDING,45 CFR §164.404
BRH000075,MEDIUM,Chief Privacy Officer (CPO),2026-06-14T16:07:33.031922,EMAIL,PENDING,45 CFR §164.404
BRH000075,MEDIUM,Department Manager,2026-06-14T16:07:33.031922,EMAIL,PENDING,45 CFR §164.404
BRH000075,MEDIUM,IT Security Team,2026-06-14T16:07:33.031922,EMAIL,PENDING,45 CFR §164.404
BRH000076,CRITICAL,Chief Privacy Officer (CPO),2026-06-08T16:07:33.031922,EMAIL+PHONE,PENDING,45 CFR §164.404
BRH000076,CRITICAL,Chief Information Security Officer (CISO),2026-06-08T16:07:33.031922,EMAIL+PHONE,PENDING,45 CFR §164.404
BRH000076,CRITICAL,Legal Counsel,2026-06-08T16:07:33.031922,EMAIL+PHONE,PENDING,45 CFR §164.404
BRH000076,CRITICAL,HHS Office for Civil Rights (OCR),2026-06-08T16:07:33.031922,EMAIL+PHONE,PENDING,45 CFR §164.404
BRH000076,CRITICAL,Affected Patients,2026-06-08T16:07:33.031922,EMAIL+PHONE,PENDING,45 CFR §164.404
BRH000076,CRITICAL,Media (if >500 patients affected),2026-06-08T16:07:33.031922,EMAIL+PHONE,PENDING,45 CFR §164.404
BRH000077,CRITICAL,Chief Privacy Officer (CPO),2026-06-08T16:07:33.031922,EMAIL+PHONE,PENDING,45 CFR §164.404
BRH000077,CRITICAL,Chief Information Security Officer (CISO),2026-06-08T16:07:33.031922,EMAIL+PHONE,PENDING,45 CFR §164.404
BRH000077,CRITICAL,Legal Counsel,2026-06-08T16:07:33.031922,EMAIL+PHONE,PENDING,45 CFR §164.404
BRH000077,CRITICAL,HHS Office for Civil Rights (OCR),2026-06-08T16:07:33.031922,EMAIL+PHONE,PENDING,45 CFR §164.404
BRH000077,CRITICAL,Affected Patients,2026-06-08T16:07:33.031922,EMAIL+PHONE,PENDING,45 CFR §164.404
BRH000077,CRITICAL,Media (if >500 patients affected),2026-06-08T16:07:33.031922,EMAIL+PHONE,PENDING,45 CFR §164.404
BRH000078,CRITICAL,Chief Privacy Officer (CPO),2026-06-08T16:07:33.031922,EMAIL+PHONE,PENDING,45 CFR §164.404
BRH000078,CRITICAL,Chief Information Security Officer (CISO),2026-06-08T16:07:33.031922,EMAIL+PHONE,PENDING,45 CFR §164.404
BRH000078,CRITICAL,Legal Counsel,2026-06-08T16:07:33.031922,EMAIL+PHONE,PENDING,45 CFR §164.404
BRH000078,CRITICAL,HHS Office for Civil Rights (OCR),2026-06-08T16:07:33.031922,EMAIL+PHONE,PENDING,45 CFR §164.404
BRH000078,CRITICAL,Affected Patients,2026-06-08T16:07:33.031922,EMAIL+PHONE,PENDING,45 CFR §164.404
BRH000078,CRITICAL,Media (if >500 patients affected),2026-06-08T16:07:33.031922,EMAIL+PHONE,PENDING,45 CFR §164.404
BRH000079,CRITICAL,Chief Privacy Officer (CPO),2026-06-08T16:07:33.031922,EMAIL+PHONE,PENDING,45 CFR §164.404
BRH000079,CRITICAL,Chief Information Security Officer (CISO),2026-06-08T16:07:33.031922,EMAIL+PHONE,PENDING,45 CFR §164.404
BRH000079,CRITICAL,Legal Counsel,2026-06-08T16:07:33.031922,EMAIL+PHONE,PENDING,45 CFR §164.404
BRH000079,CRITICAL,HHS Office for Civil Rights (OCR),2026-06-08T16:07:33.031922,EMAIL+PHONE,PENDING,45 CFR §164.404
BRH000079,CRITICAL,Affected Patients,2026-06-08T16:07:33.031922,EMAIL+PHONE,PENDING,45 CFR §164.404
BRH000079,CRITICAL,Media (if >500 patients affected),2026-06-08T16:07:33.031922,EMAIL+PHONE,PENDING,45 CFR §164.404
BRH000080,CRITICAL,Chief Privacy Officer (CPO),2026-06-08T16:07:33.031922,EMAIL+PHONE,PENDING,45 CFR §164.404
BRH000080,CRITICAL,Chief Information Security Officer (CISO),2026-06-08T16:07:33.031922,EMAIL+PHONE,PENDING,45 CFR §164.404
BRH000080,CRITICAL,Legal Counsel,2026-06-08T16:07:33.031922,EMAIL+PHONE,PENDING,45 CFR §164.404
BRH000080,CRITICAL,HHS Office for Civil Rights (OCR),2026-06-08T16:07:33.031922,EMAIL+PHONE,PENDING,45 CFR §164.404
BRH000080,CRITICAL,Affected Patients,2026-06-08T16:07:33.031922,EMAIL+PHONE,PENDING,45 CFR §164.404
BRH000080,CRITICAL,Media (if >500 patients affected),2026-06-08T16:07:33.031922,EMAIL+PHONE,PENDING,45 CFR §164.404
BRH000081,CRITICAL,Chief Privacy Officer (CPO),2026-06-08T16:07:33.031922,EMAIL+PHONE,PENDING,45 CFR §164.404
BRH000081,CRITICAL,Chief Information Security Officer (CISO),2026-06-08T16:07:33.031922,EMAIL+PHONE,PENDING,45 CFR §164.404
BRH000081,CRITICAL,Legal Counsel,2026-06-08T16:07:33.031922,EMAIL+PHONE,PENDING,45 CFR §164.404
BRH000081,CRITICAL,HHS Office for Civil Rights (OCR),2026-06-08T16:07:33.031922,EMAIL+PHONE,PENDING,45 CFR §164.404
BRH000081,CRITICAL,Affected Patients,2026-06-08T16:07:33.031922,EMAIL+PHONE,PENDING,45 CFR §164.404
BRH000081,CRITICAL,Media (if >500 patients affected),2026-06-08T16:07:33.031922,EMAIL+PHONE,PENDING,45 CFR §164.404
BRH000082,CRITICAL,Chief Privacy Officer (CPO),2026-06-08T16:07:33.031922,EMAIL+PHONE,PENDING,45 CFR §164.404
BRH000082,CRITICAL,Chief Information Security Officer (CISO),2026-06-08T16:07:33.031922,EMAIL+PHONE,PENDING,45 CFR §164.404
BRH000082,CRITICAL,Legal Counsel,2026-06-08T16:07:33.031922,EMAIL+PHONE,PENDING,45 CFR §164.404
BRH000082,CRITICAL,HHS Office for Civil Rights (OCR),2026-06-08T16:07:33.031922,EMAIL+PHONE,PENDING,45 CFR §164.404
BRH000082,CRITICAL,Affected Patients,2026-06-08T16:07:33.031922,EMAIL+PHONE,PENDING,45 CFR §164.404
BRH000082,CRITICAL,Media (if >500 patients affected),2026-06-08T16:07:33.031922,EMAIL+PHONE,PENDING,45 CFR §164.404
BRH000083,CRITICAL,Chief Privacy Officer (CPO),2026-06-08T16:07:33.047549,EMAIL+PHONE,PENDING,45 CFR §164.404
BRH000083,CRITICAL,Chief Information Security Officer (CISO),2026-06-08T16:07:33.047549,EMAIL+PHONE,PENDING,45 CFR §164.404
BRH000083,CRITICAL,Legal Counsel,2026-06-08T16:07:33.047549,EMAIL+PHONE,PENDING,45 CFR §164.404
BRH000083,CRITICAL,HHS Office for Civil Rights (OCR),2026-06-08T16:07:33.047549,EMAIL+PHONE,PENDING,45 CFR §164.404
BRH000083,CRITICAL,Affected Patients,2026-06-08T16:07:33.047549,EMAIL+PHONE,PENDING,45 CFR §164.404
BRH000083,CRITICAL,Media (if >500 patients affected),2026-06-08T16:07:33.047549,EMAIL+PHONE,PENDING,45 CFR §164.404
BRH000084,HIGH,Chief Privacy Officer (CPO),2026-06-10T16:07:33.047549,EMAIL,PENDING,45 CFR §164.404
BRH000084,HIGH,Chief Information Security Officer (CISO),2026-06-10T16:07:33.047549,EMAIL,PENDING,45 CFR §164.404
BRH000084,HIGH,Department Manager,2026-06-10T16:07:33.047549,EMAIL,PENDING,45 CFR §164.404
BRH000084,HIGH,Legal Counsel,2026-06-10T16:07:33.047549,EMAIL,PENDING,45 CFR §164.404
BRH000085,HIGH,Chief Privacy Officer (CPO),2026-06-10T16:07:33.047549,EMAIL,PENDING,45 CFR §164.404
BRH000085,HIGH,Chief Information Security Officer (CISO),2026-06-10T16:07:33.047549,EMAIL,PENDING,45 CFR §164.404
BRH000085,HIGH,Department Manager,2026-06-10T16:07:33.047549,EMAIL,PENDING,45 CFR §164.404
BRH000085,HIGH,Legal Counsel,2026-06-10T16:07:33.047549,EMAIL,PENDING,45 CFR §164.404
BRH000086,HIGH,Chief Privacy Officer (CPO),2026-06-10T16:07:33.047549,EMAIL,PENDING,45 CFR §164.404
BRH000086,HIGH,Chief Information Security Officer (CISO),2026-06-10T16:07:33.047549,EMAIL,PENDING,45 CFR §164.404
BRH000086,HIGH,Department Manager,2026-06-10T16:07:33.047549,EMAIL,PENDING,45 CFR §164.404
BRH000086,HIGH,Legal Counsel,2026-06-10T16:07:33.047549,EMAIL,PENDING,45 CFR §164.404
BRH000087,MEDIUM,Chief Privacy Officer (CPO),2026-06-14T16:07:33.047549,EMAIL,PENDING,45 CFR §164.404
BRH000087,MEDIUM,Department Manager,2026-06-14T16:07:33.047549,EMAIL,PENDING,45 CFR §164.404
BRH000087,MEDIUM,IT Security Team,2026-06-14T16:07:33.047549,EMAIL,PENDING,45 CFR §164.404
BRH000088,HIGH,Chief Privacy Officer (CPO),2026-06-10T16:07:33.047549,EMAIL,PENDING,45 CFR §164.404
BRH000088,HIGH,Chief Information Security Officer (CISO),2026-06-10T16:07:33.047549,EMAIL,PENDING,45 CFR §164.404
BRH000088,HIGH,Department Manager,2026-06-10T16:07:33.047549,EMAIL,PENDING,45 CFR §164.404
BRH000088,HIGH,Legal Counsel,2026-06-10T16:07:33.047549,EMAIL,PENDING,45 CFR §164.404
BRH000089,CRITICAL,Chief Privacy Officer (CPO),2026-06-08T16:07:33.047549,EMAIL+PHONE,PENDING,45 CFR §164.404
BRH000089,CRITICAL,Chief Information Security Officer (CISO),2026-06-08T16:07:33.047549,EMAIL+PHONE,PENDING,45 CFR §164.404
BRH000089,CRITICAL,Legal Counsel,2026-06-08T16:07:33.047549,EMAIL+PHONE,PENDING,45 CFR §164.404
BRH000089,CRITICAL,HHS Office for Civil Rights (OCR),2026-06-08T16:07:33.047549,EMAIL+PHONE,PENDING,45 CFR §164.404
BRH000089,CRITICAL,Affected Patients,2026-06-08T16:07:33.047549,EMAIL+PHONE,PENDING,45 CFR §164.404
BRH000089,CRITICAL,Media (if >500 patients affected),2026-06-08T16:07:33.047549,EMAIL+PHONE,PENDING,45 CFR §164.404
BRH000090,CRITICAL,Chief Privacy Officer (CPO),2026-06-08T16:07:33.047549,EMAIL+PHONE,PENDING,45 CFR §164.404
BRH000090,CRITICAL,Chief Information Security Officer (CISO),2026-06-08T16:07:33.047549,EMAIL+PHONE,PENDING,45 CFR §164.404
BRH000090,CRITICAL,Legal Counsel,2026-06-08T16:07:33.047549,EMAIL+PHONE,PENDING,45 CFR §164.404
BRH000090,CRITICAL,HHS Office for Civil Rights (OCR),2026-06-08T16:07:33.047549,EMAIL+PHONE,PENDING,45 CFR §164.404
BRH000090,CRITICAL,Affected Patients,2026-06-08T16:07:33.047549,EMAIL+PHONE,PENDING,45 CFR §164.404
BRH000090,CRITICAL,Media (if >500 patients affected),2026-06-08T16:07:33.047549,EMAIL+PHONE,PENDING,45 CFR §164.404
BRH000091,MEDIUM,Chief Privacy Officer (CPO),2026-06-14T16:07:33.047549,EMAIL,PENDING,45 CFR §164.404
BRH000091,MEDIUM,Department Manager,2026-06-14T16:07:33.047549,EMAIL,PENDING,45 CFR §164.404
BRH000091,MEDIUM,IT Security Team,2026-06-14T16:07:33.047549,EMAIL,PENDING,45 CFR §164.404
BRH000092,MEDIUM,Chief Privacy Officer (CPO),2026-06-14T16:07:33.047549,EMAIL,PENDING,45 CFR §164.404
BRH000092,MEDIUM,Department Manager,2026-06-14T16:07:33.047549,EMAIL,PENDING,45 CFR §164.404
BRH000092,MEDIUM,IT Security Team,2026-06-14T16:07:33.047549,EMAIL,PENDING,45 CFR §164.404
BRH000093,CRITICAL,Chief Privacy Officer (CPO),2026-06-08T16:07:33.047549,EMAIL+PHONE,PENDING,45 CFR §164.404
BRH000093,CRITICAL,Chief Information Security Officer (CISO),2026-06-08T16:07:33.047549,EMAIL+PHONE,PENDING,45 CFR §164.404
BRH000093,CRITICAL,Legal Counsel,2026-06-08T16:07:33.047549,EMAIL+PHONE,PENDING,45 CFR §164.404
BRH000093,CRITICAL,HHS Office for Civil Rights (OCR),2026-06-08T16:07:33.047549,EMAIL+PHONE,PENDING,45 CFR §164.404
BRH000093,CRITICAL,Affected Patients,2026-06-08T16:07:33.047549,EMAIL+PHONE,PENDING,45 CFR §164.404
BRH000093,CRITICAL,Media (if >500 patients affected),2026-06-08T16:07:33.047549,EMAIL+PHONE,PENDING,45 CFR §164.404
BRH000094,CRITICAL,Chief Privacy Officer (CPO),2026-06-08T16:07:33.047549,EMAIL+PHONE,PENDING,45 CFR §164.404
BRH000094,CRITICAL,Chief Information Security Officer (CISO),2026-06-08T16:07:33.047549,EMAIL+PHONE,PENDING,45 CFR §164.404
BRH000094,CRITICAL,Legal Counsel,2026-06-08T16:07:33.047549,EMAIL+PHONE,PENDING,45 CFR §164.404
BRH000094,CRITICAL,HHS Office for Civil Rights (OCR),2026-06-08T16:07:33.047549,EMAIL+PHONE,PENDING,45 CFR §164.404
BRH000094,CRITICAL,Affected Patients,2026-06-08T16:07:33.047549,EMAIL+PHONE,PENDING,45 CFR §164.404
BRH000094,CRITICAL,Media (if >500 patients affected),2026-06-08T16:07:33.047549,EMAIL+PHONE,PENDING,45 CFR §164.404
BRH000095,CRITICAL,Chief Privacy Officer (CPO),2026-06-08T16:07:33.047549,EMAIL+PHONE,PENDING,45 CFR §164.404
BRH000095,CRITICAL,Chief Information Security Officer (CISO),2026-06-08T16:07:33.047549,EMAIL+PHONE,PENDING,45 CFR §164.404
BRH000095,CRITICAL,Legal Counsel,2026-06-08T16:07:33.047549,EMAIL+PHONE,PENDING,45 CFR §164.404
BRH000095,CRITICAL,HHS Office for Civil Rights (OCR),2026-06-08T16:07:33.047549,EMAIL+PHONE,PENDING,45 CFR §164.404
BRH000095,CRITICAL,Affected Patients,2026-06-08T16:07:33.047549,EMAIL+PHONE,PENDING,45 CFR §164.404
BRH000095,CRITICAL,Media (if >500 patients affected),2026-06-08T16:07:33.047549,EMAIL+PHONE,PENDING,45 CFR §164.404
BRH000096,HIGH,Chief Privacy Officer (CPO),2026-06-10T16:07:33.047549,EMAIL,PENDING,45 CFR §164.404
BRH000096,HIGH,Chief Information Security Officer (CISO),2026-06-10T16:07:33.047549,EMAIL,PENDING,45 CFR §164.404
BRH000096,HIGH,Department Manager,2026-06-10T16:07:33.047549,EMAIL,PENDING,45 CFR §164.404
BRH000096,HIGH,Legal Counsel,2026-06-10T16:07:33.047549,EMAIL,PENDING,45 CFR §164.404
BRH000097,CRITICAL,Chief Privacy Officer (CPO),2026-06-08T16:07:33.047549,EMAIL+PHONE,PENDING,45 CFR §164.404
BRH000097,CRITICAL,Chief Information Security Officer (CISO),2026-06-08T16:07:33.047549,EMAIL+PHONE,PENDING,45 CFR §164.404
BRH000097,CRITICAL,Legal Counsel,2026-06-08T16:07:33.047549,EMAIL+PHONE,PENDING,45 CFR §164.404
BRH000097,CRITICAL,HHS Office for Civil Rights (OCR),2026-06-08T16:07:33.047549,EMAIL+PHONE,PENDING,45 CFR §164.404
BRH000097,CRITICAL,Affected Patients,2026-06-08T16:07:33.047549,EMAIL+PHONE,PENDING,45 CFR §164.404
BRH000097,CRITICAL,Media (if >500 patients affected),2026-06-08T16:07:33.047549,EMAIL+PHONE,PENDING,45 CFR §164.404
BRH000098,MEDIUM,Chief Privacy Officer (CPO),2026-06-14T16:07:33.047549,EMAIL,PENDING,45 CFR §164.404
BRH000098,MEDIUM,Department Manager,2026-06-14T16:07:33.047549,EMAIL,PENDING,45 CFR §164.404
BRH000098,MEDIUM,IT Security Team,2026-06-14T16:07:33.047549,EMAIL,PENDING,45 CFR §164.404
BRH000099,CRITICAL,Chief Privacy Officer (CPO),2026-06-08T16:07:33.047549,EMAIL+PHONE,PENDING,45 CFR §164.404
BRH000099,CRITICAL,Chief Information Security Officer (CISO),2026-06-08T16:07:33.047549,EMAIL+PHONE,PENDING,45 CFR §164.404
BRH000099,CRITICAL,Legal Counsel,2026-06-08T16:07:33.047549,EMAIL+PHONE,PENDING,45 CFR §164.404
BRH000099,CRITICAL,HHS Office for Civil Rights (OCR),2026-06-08T16:07:33.047549,EMAIL+PHONE,PENDING,45 CFR §164.404
BRH000099,CRITICAL,Affected Patients,2026-06-08T16:07:33.047549,EMAIL+PHONE,PENDING,45 CFR §164.404
BRH000099,CRITICAL,Media (if >500 patients affected),2026-06-08T16:07:33.047549,EMAIL+PHONE,PENDING,45 CFR §164.404
BRH000100,CRITICAL,Chief Privacy Officer (CPO),2026-06-08T16:07:33.047549,EMAIL+PHONE,PENDING,45 CFR §164.404
BRH000100,CRITICAL,Chief Information Security Officer (CISO),2026-06-08T16:07:33.047549,EMAIL+PHONE,PENDING,45 CFR §164.404
BRH000100,CRITICAL,Legal Counsel,2026-06-08T16:07:33.047549,EMAIL+PHONE,PENDING,45 CFR §164.404
BRH000100,CRITICAL,HHS Office for Civil Rights (OCR),2026-06-08T16:07:33.047549,EMAIL+PHONE,PENDING,45 CFR §164.404
BRH000100,CRITICAL,Affected Patients,2026-06-08T16:07:33.047549,EMAIL+PHONE,PENDING,45 CFR §164.404
BRH000100,CRITICAL,Media (if >500 patients affected),2026-06-08T16:07:33.047549,EMAIL+PHONE,PENDING,45 CFR §164.404
BRH000101,HIGH,Chief Privacy Officer (CPO),2026-06-10T16:07:33.047549,EMAIL,PENDING,45 CFR §164.404
BRH000101,HIGH,Chief Information Security Officer (CISO),2026-06-10T16:07:33.047549,EMAIL,PENDING,45 CFR §164.404
BRH000101,HIGH,Department Manager,2026-06-10T16:07:33.047549,EMAIL,PENDING,45 CFR §164.404
BRH000101,HIGH,Legal Counsel,2026-06-10T16:07:33.047549,EMAIL,PENDING,45 CFR §164.404
BRH000102,HIGH,Chief Privacy Officer (CPO),2026-06-10T16:07:33.047549,EMAIL,PENDING,45 CFR §164.404
BRH000102,HIGH,Chief Information Security Officer (CISO),2026-06-10T16:07:33.047549,EMAIL,PENDING,45 CFR §164.404
BRH000102,HIGH,Department Manager,2026-06-10T16:07:33.047549,EMAIL,PENDING,45 CFR §164.404
BRH000102,HIGH,Legal Counsel,2026-06-10T16:07:33.047549,EMAIL,PENDING,45 CFR §164.404
BRH000103,CRITICAL,Chief Privacy Officer (CPO),2026-06-08T16:07:33.047549,EMAIL+PHONE,PENDING,45 CFR §164.404
BRH000103,CRITICAL,Chief Information Security Officer (CISO),2026-06-08T16:07:33.047549,EMAIL+PHONE,PENDING,45 CFR §164.404
BRH000103,CRITICAL,Legal Counsel,2026-06-08T16:07:33.047549,EMAIL+PHONE,PENDING,45 CFR §164.404
BRH000103,CRITICAL,HHS Office for Civil Rights (OCR),2026-06-08T16:07:33.047549,EMAIL+PHONE,PENDING,45 CFR §164.404
BRH000103,CRITICAL,Affected Patients,2026-06-08T16:07:33.047549,EMAIL+PHONE,PENDING,45 CFR §164.404
BRH000103,CRITICAL,Media (if >500 patients affected),2026-06-08T16:07:33.047549,EMAIL+PHONE,PENDING,45 CFR §164.404
BRH000104,HIGH,Chief Privacy Officer (CPO),2026-06-10T16:07:33.047549,EMAIL,PENDING,45 CFR §164.404
BRH000104,HIGH,Chief Information Security Officer (CISO),2026-06-10T16:07:33.047549,EMAIL,PENDING,45 CFR §164.404
BRH000104,HIGH,Department Manager,2026-06-10T16:07:33.047549,EMAIL,PENDING,45 CFR §164.404
BRH000104,HIGH,Legal Counsel,2026-06-10T16:07:33.047549,EMAIL,PENDING,45 CFR §164.404
BRH000105,HIGH,Chief Privacy Officer (CPO),2026-06-10T16:07:33.047549,EMAIL,PENDING,45 CFR §164.404
BRH000105,HIGH,Chief Information Security Officer (CISO),2026-06-10T16:07:33.047549,EMAIL,PENDING,45 CFR §164.404
BRH000105,HIGH,Department Manager,2026-06-10T16:07:33.047549,EMAIL,PENDING,45 CFR §164.404
BRH000105,HIGH,Legal Counsel,2026-06-10T16:07:33.047549,EMAIL,PENDING,45 CFR §164.404
BRH000106,HIGH,Chief Privacy Officer (CPO),2026-06-10T16:07:33.047549,EMAIL,PENDING,45 CFR §164.404
BRH000106,HIGH,Chief Information Security Officer (CISO),2026-06-10T16:07:33.047549,EMAIL,PENDING,45 CFR §164.404
BRH000106,HIGH,Department Manager,2026-06-10T16:07:33.047549,EMAIL,PENDING,45 CFR §164.404
BRH000106,HIGH,Legal Counsel,2026-06-10T16:07:33.047549,EMAIL,PENDING,45 CFR §164.404
BRH000107,CRITICAL,Chief Privacy Officer (CPO),2026-06-08T16:07:33.047549,EMAIL+PHONE,PENDING,45 CFR §164.404
BRH000107,CRITICAL,Chief Information Security Officer (CISO),2026-06-08T16:07:33.047549,EMAIL+PHONE,PENDING,45 CFR §164.404
BRH000107,CRITICAL,Legal Counsel,2026-06-08T16:07:33.047549,EMAIL+PHONE,PENDING,45 CFR §164.404
BRH000107,CRITICAL,HHS Office for Civil Rights (OCR),2026-06-08T16:07:33.047549,EMAIL+PHONE,PENDING,45 CFR §164.404
BRH000107,CRITICAL,Affected Patients,2026-06-08T16:07:33.047549,EMAIL+PHONE,PENDING,45 CFR §164.404
BRH000107,CRITICAL,Media (if >500 patients affected),2026-06-08T16:07:33.047549,EMAIL+PHONE,PENDING,45 CFR §164.404
BRH000108,CRITICAL,Chief Privacy Officer (CPO),2026-06-08T16:07:33.047549,EMAIL+PHONE,PENDING,45 CFR §164.404
BRH000108,CRITICAL,Chief Information Security Officer (CISO),2026-06-08T16:07:33.047549,EMAIL+PHONE,PENDING,45 CFR §164.404
BRH000108,CRITICAL,Legal Counsel,2026-06-08T16:07:33.047549,EMAIL+PHONE,PENDING,45 CFR §164.404
BRH000108,CRITICAL,HHS Office for Civil Rights (OCR),2026-06-08T16:07:33.047549,EMAIL+PHONE,PENDING,45 CFR §164.404
BRH000108,CRITICAL,Affected Patients,2026-06-08T16:07:33.047549,EMAIL+PHONE,PENDING,45 CFR §164.404
BRH000108,CRITICAL,Media (if >500 patients affected),2026-06-08T16:07:33.047549,EMAIL+PHONE,PENDING,45 CFR §164.404
BRH000109,CRITICAL,Chief Privacy Officer (CPO),2026-06-08T16:07:33.047549,EMAIL+PHONE,PENDING,45 CFR §164.404
BRH000109,CRITICAL,Chief Information Security Officer (CISO),2026-06-08T16:07:33.047549,EMAIL+PHONE,PENDING,45 CFR §164.404
BRH000109,CRITICAL,Legal Counsel,2026-06-08T16:07:33.047549,EMAIL+PHONE,PENDING,45 CFR §164.404
BRH000109,CRITICAL,HHS Office for Civil Rights (OCR),2026-06-08T16:07:33.047549,EMAIL+PHONE,PENDING,45 CFR §164.404
BRH000109,CRITICAL,Affected Patients,2026-06-08T16:07:33.047549,EMAIL+PHONE,PENDING,45 CFR §164.404
BRH000109,CRITICAL,Media (if >500 patients affected),2026-06-08T16:07:33.047549,EMAIL+PHONE,PENDING,45 CFR §164.404
BRH000110,CRITICAL,Chief Privacy Officer (CPO),2026-06-08T16:07:33.047549,EMAIL+PHONE,PENDING,45 CFR §164.404
BRH000110,CRITICAL,Chief Information Security Officer (CISO),2026-06-08T16:07:33.047549,EMAIL+PHONE,PENDING,45 CFR §164.404
BRH000110,CRITICAL,Legal Counsel,2026-06-08T16:07:33.047549,EMAIL+PHONE,PENDING,45 CFR §164.404
BRH000110,CRITICAL,HHS Office for Civil Rights (OCR),2026-06-08T16:07:33.047549,EMAIL+PHONE,PENDING,45 CFR §164.404
BRH000110,CRITICAL,Affected Patients,2026-06-08T16:07:33.047549,EMAIL+PHONE,PENDING,45 CFR §164.404
BRH000110,CRITICAL,Media (if >500 patients affected),2026-06-08T16:07:33.047549,EMAIL+PHONE,PENDING,45 CFR §164.404
BRH000111,CRITICAL,Chief Privacy Officer (CPO),2026-06-08T16:07:33.047549,EMAIL+PHONE,PENDING,45 CFR §164.404
BRH000111,CRITICAL,Chief Information Security Officer (CISO),2026-06-08T16:07:33.047549,EMAIL+PHONE,PENDING,45 CFR §164.404
BRH000111,CRITICAL,Legal Counsel,2026-06-08T16:07:33.047549,EMAIL+PHONE,PENDING,45 CFR §164.404
BRH000111,CRITICAL,HHS Office for Civil Rights (OCR),2026-06-08T16:07:33.047549,EMAIL+PHONE,PENDING,45 CFR §164.404
BRH000111,CRITICAL,Affected Patients,2026-06-08T16:07:33.047549,EMAIL+PHONE,PENDING,45 CFR §164.404
BRH000111,CRITICAL,Media (if >500 patients affected),2026-06-08T16:07:33.047549,EMAIL+PHONE,PENDING,45 CFR §164.404
BRH000112,CRITICAL,Chief Privacy Officer (CPO),2026-06-08T16:07:33.047549,EMAIL+PHONE,PENDING,45 CFR §164.404
BRH000112,CRITICAL,Chief Information Security Officer (CISO),2026-06-08T16:07:33.047549,EMAIL+PHONE,PENDING,45 CFR §164.404
BRH000112,CRITICAL,Legal Counsel,2026-06-08T16:07:33.047549,EMAIL+PHONE,PENDING,45 CFR §164.404
BRH000112,CRITICAL,HHS Office for Civil Rights (OCR),2026-06-08T16:07:33.047549,EMAIL+PHONE,PENDING,45 CFR §164.404
BRH000112,CRITICAL,Affected Patients,2026-06-08T16:07:33.047549,EMAIL+PHONE,PENDING,45 CFR §164.404
BRH000112,CRITICAL,Media (if >500 patients affected),2026-06-08T16:07:33.047549,EMAIL+PHONE,PENDING,45 CFR §164.404
BRH000113,CRITICAL,Chief Privacy Officer (CPO),2026-06-08T16:07:33.047549,EMAIL+PHONE,PENDING,45 CFR §164.404
BRH000113,CRITICAL,Chief Information Security Officer (CISO),2026-06-08T16:07:33.047549,EMAIL+PHONE,PENDING,45 CFR §164.404
BRH000113,CRITICAL,Legal Counsel,2026-06-08T16:07:33.047549,EMAIL+PHONE,PENDING,45 CFR §164.404
BRH000113,CRITICAL,HHS Office for Civil Rights (OCR),2026-06-08T16:07:33.047549,EMAIL+PHONE,PENDING,45 CFR §164.404
BRH000113,CRITICAL,Affected Patients,2026-06-08T16:07:33.047549,EMAIL+PHONE,PENDING,45 CFR §164.404
BRH000113,CRITICAL,Media (if >500 patients affected),2026-06-08T16:07:33.047549,EMAIL+PHONE,PENDING,45 CFR §164.404
BRH000114,HIGH,Chief Privacy Officer (CPO),2026-06-10T16:07:33.047549,EMAIL,PENDING,45 CFR §164.404
BRH000114,HIGH,Chief Information Security Officer (CISO),2026-06-10T16:07:33.047549,EMAIL,PENDING,45 CFR §164.404
BRH000114,HIGH,Department Manager,2026-06-10T16:07:33.047549,EMAIL,PENDING,45 CFR §164.404
BRH000114,HIGH,Legal Counsel,2026-06-10T16:07:33.047549,EMAIL,PENDING,45 CFR §164.404
BRH000115,CRITICAL,Chief Privacy Officer (CPO),2026-06-08T16:07:33.047549,EMAIL+PHONE,PENDING,45 CFR §164.404
BRH000115,CRITICAL,Chief Information Security Officer (CISO),2026-06-08T16:07:33.047549,EMAIL+PHONE,PENDING,45 CFR §164.404
BRH000115,CRITICAL,Legal Counsel,2026-06-08T16:07:33.047549,EMAIL+PHONE,PENDING,45 CFR §164.404
BRH000115,CRITICAL,HHS Office for Civil Rights (OCR),2026-06-08T16:07:33.047549,EMAIL+PHONE,PENDING,45 CFR §164.404
BRH000115,CRITICAL,Affected Patients,2026-06-08T16:07:33.047549,EMAIL+PHONE,PENDING,45 CFR §164.404
BRH000115,CRITICAL,Media (if >500 patients affected),2026-06-08T16:07:33.047549,EMAIL+PHONE,PENDING,45 CFR §164.404
BRH000116,CRITICAL,Chief Privacy Officer (CPO),2026-06-08T16:07:33.047549,EMAIL+PHONE,PENDING,45 CFR §164.404
BRH000116,CRITICAL,Chief Information Security Officer (CISO),2026-06-08T16:07:33.047549,EMAIL+PHONE,PENDING,45 CFR §164.404
BRH000116,CRITICAL,Legal Counsel,2026-06-08T16:07:33.047549,EMAIL+PHONE,PENDING,45 CFR §164.404
BRH000116,CRITICAL,HHS Office for Civil Rights (OCR),2026-06-08T16:07:33.047549,EMAIL+PHONE,PENDING,45 CFR §164.404
BRH000116,CRITICAL,Affected Patients,2026-06-08T16:07:33.047549,EMAIL+PHONE,PENDING,45 CFR §164.404
BRH000116,CRITICAL,Media (if >500 patients affected),2026-06-08T16:07:33.047549,EMAIL+PHONE,PENDING,45 CFR §164.404
BRH000117,HIGH,Chief Privacy Officer (CPO),2026-06-10T16:07:33.047549,EMAIL,PENDING,45 CFR §164.404
BRH000117,HIGH,Chief Information Security Officer (CISO),2026-06-10T16:07:33.047549,EMAIL,PENDING,45 CFR §164.404
BRH000117,HIGH,Department Manager,2026-06-10T16:07:33.047549,EMAIL,PENDING,45 CFR §164.404
BRH000117,HIGH,Legal Counsel,2026-06-10T16:07:33.047549,EMAIL,PENDING,45 CFR §164.404
BRH000118,CRITICAL,Chief Privacy Officer (CPO),2026-06-08T16:07:33.047549,EMAIL+PHONE,PENDING,45 CFR §164.404
BRH000118,CRITICAL,Chief Information Security Officer (CISO),2026-06-08T16:07:33.047549,EMAIL+PHONE,PENDING,45 CFR §164.404
BRH000118,CRITICAL,Legal Counsel,2026-06-08T16:07:33.047549,EMAIL+PHONE,PENDING,45 CFR §164.404
BRH000118,CRITICAL,HHS Office for Civil Rights (OCR),2026-06-08T16:07:33.047549,EMAIL+PHONE,PENDING,45 CFR §164.404
BRH000118,CRITICAL,Affected Patients,2026-06-08T16:07:33.047549,EMAIL+PHONE,PENDING,45 CFR §164.404
BRH000118,CRITICAL,Media (if >500 patients affected),2026-06-08T16:07:33.047549,EMAIL+PHONE,PENDING,45 CFR §164.404
BRH000119,CRITICAL,Chief Privacy Officer (CPO),2026-06-08T16:07:33.047549,EMAIL+PHONE,PENDING,45 CFR §164.404
BRH000119,CRITICAL,Chief Information Security Officer (CISO),2026-06-08T16:07:33.047549,EMAIL+PHONE,PENDING,45 CFR §164.404
BRH000119,CRITICAL,Legal Counsel,2026-06-08T16:07:33.047549,EMAIL+PHONE,PENDING,45 CFR §164.404
BRH000119,CRITICAL,HHS Office for Civil Rights (OCR),2026-06-08T16:07:33.047549,EMAIL+PHONE,PENDING,45 CFR §164.404
BRH000119,CRITICAL,Affected Patients,2026-06-08T16:07:33.047549,EMAIL+PHONE,PENDING,45 CFR §164.404
BRH000119,CRITICAL,Media (if >500 patients affected),2026-06-08T16:07:33.047549,EMAIL+PHONE,PENDING,45 CFR §164.404
BRH000120,HIGH,Chief Privacy Officer (CPO),2026-06-10T16:07:33.047549,EMAIL,PENDING,45 CFR §164.404
BRH000120,HIGH,Chief Information Security Officer (CISO),2026-06-10T16:07:33.047549,EMAIL,PENDING,45 CFR §164.404
BRH000120,HIGH,Department Manager,2026-06-10T16:07:33.047549,EMAIL,PENDING,45 CFR §164.404
BRH000120,HIGH,Legal Counsel,2026-06-10T16:07:33.047549,EMAIL,PENDING,45 CFR §164.404
BRH000121,CRITICAL,Chief Privacy Officer (CPO),2026-06-08T16:07:33.047549,EMAIL+PHONE,PENDING,45 CFR §164.404
BRH000121,CRITICAL,Chief Information Security Officer (CISO),2026-06-08T16:07:33.047549,EMAIL+PHONE,PENDING,45 CFR §164.404
BRH000121,CRITICAL,Legal Counsel,2026-06-08T16:07:33.047549,EMAIL+PHONE,PENDING,45 CFR §164.404
BRH000121,CRITICAL,HHS Office for Civil Rights (OCR),2026-06-08T16:07:33.047549,EMAIL+PHONE,PENDING,45 CFR §164.404
BRH000121,CRITICAL,Affected Patients,2026-06-08T16:07:33.047549,EMAIL+PHONE,PENDING,45 CFR §164.404
BRH000121,CRITICAL,Media (if >500 patients affected),2026-06-08T16:07:33.047549,EMAIL+PHONE,PENDING,45 CFR §164.404
BRH000122,CRITICAL,Chief Privacy Officer (CPO),2026-06-08T16:07:33.047549,EMAIL+PHONE,PENDING,45 CFR §164.404
BRH000122,CRITICAL,Chief Information Security Officer (CISO),2026-06-08T16:07:33.047549,EMAIL+PHONE,PENDING,45 CFR §164.404
BRH000122,CRITICAL,Legal Counsel,2026-06-08T16:07:33.047549,EMAIL+PHONE,PENDING,45 CFR §164.404
BRH000122,CRITICAL,HHS Office for Civil Rights (OCR),2026-06-08T16:07:33.047549,EMAIL+PHONE,PENDING,45 CFR §164.404
BRH000122,CRITICAL,Affected Patients,2026-06-08T16:07:33.047549,EMAIL+PHONE,PENDING,45 CFR §164.404
BRH000122,CRITICAL,Media (if >500 patients affected),2026-06-08T16:07:33.047549,EMAIL+PHONE,PENDING,45 CFR §164.404
BRH000123,CRITICAL,Chief Privacy Officer (CPO),2026-06-08T16:07:33.047549,EMAIL+PHONE,PENDING,45 CFR §164.404
BRH000123,CRITICAL,Chief Information Security Officer (CISO),2026-06-08T16:07:33.047549,EMAIL+PHONE,PENDING,45 CFR §164.404
BRH000123,CRITICAL,Legal Counsel,2026-06-08T16:07:33.047549,EMAIL+PHONE,PENDING,45 CFR §164.404
BRH000123,CRITICAL,HHS Office for Civil Rights (OCR),2026-06-08T16:07:33.047549,EMAIL+PHONE,PENDING,45 CFR §164.404
BRH000123,CRITICAL,Affected Patients,2026-06-08T16:07:33.047549,EMAIL+PHONE,PENDING,45 CFR §164.404
BRH000123,CRITICAL,Media (if >500 patients affected),2026-06-08T16:07:33.047549,EMAIL+PHONE,PENDING,45 CFR §164.404
BRH000124,CRITICAL,Chief Privacy Officer (CPO),2026-06-08T16:07:33.047549,EMAIL+PHONE,PENDING,45 CFR §164.404
BRH000124,CRITICAL,Chief Information Security Officer (CISO),2026-06-08T16:07:33.047549,EMAIL+PHONE,PENDING,45 CFR §164.404
BRH000124,CRITICAL,Legal Counsel,2026-06-08T16:07:33.047549,EMAIL+PHONE,PENDING,45 CFR §164.404
BRH000124,CRITICAL,HHS Office for Civil Rights (OCR),2026-06-08T16:07:33.047549,EMAIL+PHONE,PENDING,45 CFR §164.404
BRH000124,CRITICAL,Affected Patients,2026-06-08T16:07:33.047549,EMAIL+PHONE,PENDING,45 CFR §164.404
BRH000124,CRITICAL,Media (if >500 patients affected),2026-06-08T16:07:33.047549,EMAIL+PHONE,PENDING,45 CFR §164.404
BRH000125,HIGH,Chief Privacy Officer (CPO),2026-06-10T16:07:33.047549,EMAIL,PENDING,45 CFR §164.404
BRH000125,HIGH,Chief Information Security Officer (CISO),2026-06-10T16:07:33.047549,EMAIL,PENDING,45 CFR §164.404
BRH000125,HIGH,Department Manager,2026-06-10T16:07:33.047549,EMAIL,PENDING,45 CFR §164.404
BRH000125,HIGH,Legal Counsel,2026-06-10T16:07:33.047549,EMAIL,PENDING,45 CFR §164.404
BRH000126,CRITICAL,Chief Privacy Officer (CPO),2026-06-08T16:07:33.047549,EMAIL+PHONE,PENDING,45 CFR §164.404
BRH000126,CRITICAL,Chief Information Security Officer (CISO),2026-06-08T16:07:33.047549,EMAIL+PHONE,PENDING,45 CFR §164.404
BRH000126,CRITICAL,Legal Counsel,2026-06-08T16:07:33.047549,EMAIL+PHONE,PENDING,45 CFR §164.404
BRH000126,CRITICAL,HHS Office for Civil Rights (OCR),2026-06-08T16:07:33.047549,EMAIL+PHONE,PENDING,45 CFR §164.404
BRH000126,CRITICAL,Affected Patients,2026-06-08T16:07:33.047549,EMAIL+PHONE,PENDING,45 CFR §164.404
BRH000126,CRITICAL,Media (if >500 patients affected),2026-06-08T16:07:33.047549,EMAIL+PHONE,PENDING,45 CFR §164.404
BRH000127,CRITICAL,Chief Privacy Officer (CPO),2026-06-08T16:07:33.047549,EMAIL+PHONE,PENDING,45 CFR §164.404
BRH000127,CRITICAL,Chief Information Security Officer (CISO),2026-06-08T16:07:33.047549,EMAIL+PHONE,PENDING,45 CFR §164.404
BRH000127,CRITICAL,Legal Counsel,2026-06-08T16:07:33.047549,EMAIL+PHONE,PENDING,45 CFR §164.404
BRH000127,CRITICAL,HHS Office for Civil Rights (OCR),2026-06-08T16:07:33.047549,EMAIL+PHONE,PENDING,45 CFR §164.404
BRH000127,CRITICAL,Affected Patients,2026-06-08T16:07:33.047549,EMAIL+PHONE,PENDING,45 CFR §164.404
BRH000127,CRITICAL,Media (if >500 patients affected),2026-06-08T16:07:33.047549,EMAIL+PHONE,PENDING,45 CFR §164.404
BRH000128,CRITICAL,Chief Privacy Officer (CPO),2026-06-08T16:07:33.047549,EMAIL+PHONE,PENDING,45 CFR §164.404
BRH000128,CRITICAL,Chief Information Security Officer (CISO),2026-06-08T16:07:33.047549,EMAIL+PHONE,PENDING,45 CFR §164.404
BRH000128,CRITICAL,Legal Counsel,2026-06-08T16:07:33.047549,EMAIL+PHONE,PENDING,45 CFR §164.404
BRH000128,CRITICAL,HHS Office for Civil Rights (OCR),2026-06-08T16:07:33.047549,EMAIL+PHONE,PENDING,45 CFR §164.404
BRH000128,CRITICAL,Affected Patients,2026-06-08T16:07:33.047549,EMAIL+PHONE,PENDING,45 CFR §164.404
BRH000128,CRITICAL,Media (if >500 patients affected),2026-06-08T16:07:33.047549,EMAIL+PHONE,PENDING,45 CFR §164.404
BRH000129,CRITICAL,Chief Privacy Officer (CPO),2026-06-08T16:07:33.047549,EMAIL+PHONE,PENDING,45 CFR §164.404
BRH000129,CRITICAL,Chief Information Security Officer (CISO),2026-06-08T16:07:33.047549,EMAIL+PHONE,PENDING,45 CFR §164.404
BRH000129,CRITICAL,Legal Counsel,2026-06-08T16:07:33.047549,EMAIL+PHONE,PENDING,45 CFR §164.404
BRH000129,CRITICAL,HHS Office for Civil Rights (OCR),2026-06-08T16:07:33.047549,EMAIL+PHONE,PENDING,45 CFR §164.404
BRH000129,CRITICAL,Affected Patients,2026-06-08T16:07:33.047549,EMAIL+PHONE,PENDING,45 CFR §164.404
BRH000129,CRITICAL,Media (if >500 patients affected),2026-06-08T16:07:33.047549,EMAIL+PHONE,PENDING,45 CFR §164.404
BRH000130,CRITICAL,Chief Privacy Officer (CPO),2026-06-08T16:07:33.047549,EMAIL+PHONE,PENDING,45 CFR §164.404
BRH000130,CRITICAL,Chief Information Security Officer (CISO),2026-06-08T16:07:33.047549,EMAIL+PHONE,PENDING,45 CFR §164.404
BRH000130,CRITICAL,Legal Counsel,2026-06-08T16:07:33.047549,EMAIL+PHONE,PENDING,45 CFR §164.404
BRH000130,CRITICAL,HHS Office for Civil Rights (OCR),2026-06-08T16:07:33.047549,EMAIL+PHONE,PENDING,45 CFR §164.404
BRH000130,CRITICAL,Affected Patients,2026-06-08T16:07:33.047549,EMAIL+PHONE,PENDING,45 CFR §164.404
BRH000130,CRITICAL,Media (if >500 patients affected),2026-06-08T16:07:33.047549,EMAIL+PHONE,PENDING,45 CFR §164.404
BRH000131,CRITICAL,Chief Privacy Officer (CPO),2026-06-08T16:07:33.047549,EMAIL+PHONE,PENDING,45 CFR §164.404
BRH000131,CRITICAL,Chief Information Security Officer (CISO),2026-06-08T16:07:33.047549,EMAIL+PHONE,PENDING,45 CFR §164.404
BRH000131,CRITICAL,Legal Counsel,2026-06-08T16:07:33.047549,EMAIL+PHONE,PENDING,45 CFR §164.404
BRH000131,CRITICAL,HHS Office for Civil Rights (OCR),2026-06-08T16:07:33.047549,EMAIL+PHONE,PENDING,45 CFR §164.404
BRH000131,CRITICAL,Affected Patients,2026-06-08T16:07:33.047549,EMAIL+PHONE,PENDING,45 CFR §164.404
BRH000131,CRITICAL,Media (if >500 patients affected),2026-06-08T16:07:33.047549,EMAIL+PHONE,PENDING,45 CFR §164.404
BRH000132,CRITICAL,Chief Privacy Officer (CPO),2026-06-08T16:07:33.047549,EMAIL+PHONE,PENDING,45 CFR §164.404
BRH000132,CRITICAL,Chief Information Security Officer (CISO),2026-06-08T16:07:33.047549,EMAIL+PHONE,PENDING,45 CFR §164.404
BRH000132,CRITICAL,Legal Counsel,2026-06-08T16:07:33.047549,EMAIL+PHONE,PENDING,45 CFR §164.404
BRH000132,CRITICAL,HHS Office for Civil Rights (OCR),2026-06-08T16:07:33.047549,EMAIL+PHONE,PENDING,45 CFR §164.404
BRH000132,CRITICAL,Affected Patients,2026-06-08T16:07:33.047549,EMAIL+PHONE,PENDING,45 CFR §164.404
BRH000132,CRITICAL,Media (if >500 patients affected),2026-06-08T16:07:33.047549,EMAIL+PHONE,PENDING,45 CFR §164.404
BRH000133,HIGH,Chief Privacy Officer (CPO),2026-06-10T16:07:33.047549,EMAIL,PENDING,45 CFR §164.404
BRH000133,HIGH,Chief Information Security Officer (CISO),2026-06-10T16:07:33.047549,EMAIL,PENDING,45 CFR §164.404
BRH000133,HIGH,Department Manager,2026-06-10T16:07:33.047549,EMAIL,PENDING,45 CFR §164.404
BRH000133,HIGH,Legal Counsel,2026-06-10T16:07:33.047549,EMAIL,PENDING,45 CFR §164.404
BRH000134,CRITICAL,Chief Privacy Officer (CPO),2026-06-08T16:07:33.047549,EMAIL+PHONE,PENDING,45 CFR §164.404
BRH000134,CRITICAL,Chief Information Security Officer (CISO),2026-06-08T16:07:33.047549,EMAIL+PHONE,PENDING,45 CFR §164.404
BRH000134,CRITICAL,Legal Counsel,2026-06-08T16:07:33.047549,EMAIL+PHONE,PENDING,45 CFR §164.404
BRH000134,CRITICAL,HHS Office for Civil Rights (OCR),2026-06-08T16:07:33.047549,EMAIL+PHONE,PENDING,45 CFR §164.404
BRH000134,CRITICAL,Affected Patients,2026-06-08T16:07:33.047549,EMAIL+PHONE,PENDING,45 CFR §164.404
BRH000134,CRITICAL,Media (if >500 patients affected),2026-06-08T16:07:33.047549,EMAIL+PHONE,PENDING,45 CFR §164.404
BRH000135,CRITICAL,Chief Privacy Officer (CPO),2026-06-08T16:07:33.047549,EMAIL+PHONE,PENDING,45 CFR §164.404
BRH000135,CRITICAL,Chief Information Security Officer (CISO),2026-06-08T16:07:33.047549,EMAIL+PHONE,PENDING,45 CFR §164.404
BRH000135,CRITICAL,Legal Counsel,2026-06-08T16:07:33.047549,EMAIL+PHONE,PENDING,45 CFR §164.404
BRH000135,CRITICAL,HHS Office for Civil Rights (OCR),2026-06-08T16:07:33.047549,EMAIL+PHONE,PENDING,45 CFR §164.404
BRH000135,CRITICAL,Affected Patients,2026-06-08T16:07:33.047549,EMAIL+PHONE,PENDING,45 CFR §164.404
BRH000135,CRITICAL,Media (if >500 patients affected),2026-06-08T16:07:33.047549,EMAIL+PHONE,PENDING,45 CFR §164.404
BRH000136,HIGH,Chief Privacy Officer (CPO),2026-06-10T16:07:33.047549,EMAIL,PENDING,45 CFR §164.404
BRH000136,HIGH,Chief Information Security Officer (CISO),2026-06-10T16:07:33.047549,EMAIL,PENDING,45 CFR §164.404
BRH000136,HIGH,Department Manager,2026-06-10T16:07:33.047549,EMAIL,PENDING,45 CFR §164.404
BRH000136,HIGH,Legal Counsel,2026-06-10T16:07:33.047549,EMAIL,PENDING,45 CFR §164.404
BRH000137,CRITICAL,Chief Privacy Officer (CPO),2026-06-08T16:07:33.047549,EMAIL+PHONE,PENDING,45 CFR §164.404
BRH000137,CRITICAL,Chief Information Security Officer (CISO),2026-06-08T16:07:33.047549,EMAIL+PHONE,PENDING,45 CFR §164.404
BRH000137,CRITICAL,Legal Counsel,2026-06-08T16:07:33.047549,EMAIL+PHONE,PENDING,45 CFR §164.404
BRH000137,CRITICAL,HHS Office for Civil Rights (OCR),2026-06-08T16:07:33.047549,EMAIL+PHONE,PENDING,45 CFR §164.404
BRH000137,CRITICAL,Affected Patients,2026-06-08T16:07:33.047549,EMAIL+PHONE,PENDING,45 CFR §164.404
BRH000137,CRITICAL,Media (if >500 patients affected),2026-06-08T16:07:33.047549,EMAIL+PHONE,PENDING,45 CFR §164.404
BRH000138,CRITICAL,Chief Privacy Officer (CPO),2026-06-08T16:07:33.047549,EMAIL+PHONE,PENDING,45 CFR §164.404
BRH000138,CRITICAL,Chief Information Security Officer (CISO),2026-06-08T16:07:33.047549,EMAIL+PHONE,PENDING,45 CFR §164.404
BRH000138,CRITICAL,Legal Counsel,2026-06-08T16:07:33.047549,EMAIL+PHONE,PENDING,45 CFR §164.404
BRH000138,CRITICAL,HHS Office for Civil Rights (OCR),2026-06-08T16:07:33.047549,EMAIL+PHONE,PENDING,45 CFR §164.404
BRH000138,CRITICAL,Affected Patients,2026-06-08T16:07:33.047549,EMAIL+PHONE,PENDING,45 CFR §164.404
BRH000138,CRITICAL,Media (if >500 patients affected),2026-06-08T16:07:33.047549,EMAIL+PHONE,PENDING,45 CFR §164.404
BRH000139,CRITICAL,Chief Privacy Officer (CPO),2026-06-08T16:07:33.047549,EMAIL+PHONE,PENDING,45 CFR §164.404
BRH000139,CRITICAL,Chief Information Security Officer (CISO),2026-06-08T16:07:33.047549,EMAIL+PHONE,PENDING,45 CFR §164.404
BRH000139,CRITICAL,Legal Counsel,2026-06-08T16:07:33.047549,EMAIL+PHONE,PENDING,45 CFR §164.404
BRH000139,CRITICAL,HHS Office for Civil Rights (OCR),2026-06-08T16:07:33.047549,EMAIL+PHONE,PENDING,45 CFR §164.404
BRH000139,CRITICAL,Affected Patients,2026-06-08T16:07:33.047549,EMAIL+PHONE,PENDING,45 CFR §164.404
BRH000139,CRITICAL,Media (if >500 patients affected),2026-06-08T16:07:33.047549,EMAIL+PHONE,PENDING,45 CFR §164.404
BRH000140,CRITICAL,Chief Privacy Officer (CPO),2026-06-08T16:07:33.047549,EMAIL+PHONE,PENDING,45 CFR §164.404
BRH000140,CRITICAL,Chief Information Security Officer (CISO),2026-06-08T16:07:33.047549,EMAIL+PHONE,PENDING,45 CFR §164.404
BRH000140,CRITICAL,Legal Counsel,2026-06-08T16:07:33.047549,EMAIL+PHONE,PENDING,45 CFR §164.404
BRH000140,CRITICAL,HHS Office for Civil Rights (OCR),2026-06-08T16:07:33.047549,EMAIL+PHONE,PENDING,45 CFR §164.404
BRH000140,CRITICAL,Affected Patients,2026-06-08T16:07:33.047549,EMAIL+PHONE,PENDING,45 CFR §164.404
BRH000140,CRITICAL,Media (if >500 patients affected),2026-06-08T16:07:33.047549,EMAIL+PHONE,PENDING,45 CFR §164.404
BRH000141,HIGH,Chief Privacy Officer (CPO),2026-06-10T16:07:33.047549,EMAIL,PENDING,45 CFR §164.404
BRH000141,HIGH,Chief Information Security Officer (CISO),2026-06-10T16:07:33.047549,EMAIL,PENDING,45 CFR §164.404
BRH000141,HIGH,Department Manager,2026-06-10T16:07:33.047549,EMAIL,PENDING,45 CFR §164.404
BRH000141,HIGH,Legal Counsel,2026-06-10T16:07:33.047549,EMAIL,PENDING,45 CFR §164.404
BRH000142,MEDIUM,Chief Privacy Officer (CPO),2026-06-14T16:07:33.047549,EMAIL,PENDING,45 CFR §164.404
BRH000142,MEDIUM,Department Manager,2026-06-14T16:07:33.047549,EMAIL,PENDING,45 CFR §164.404
BRH000142,MEDIUM,IT Security Team,2026-06-14T16:07:33.047549,EMAIL,PENDING,45 CFR §164.404
BRH000143,HIGH,Chief Privacy Officer (CPO),2026-06-10T16:07:33.047549,EMAIL,PENDING,45 CFR §164.404
BRH000143,HIGH,Chief Information Security Officer (CISO),2026-06-10T16:07:33.047549,EMAIL,PENDING,45 CFR §164.404
BRH000143,HIGH,Department Manager,2026-06-10T16:07:33.047549,EMAIL,PENDING,45 CFR §164.404
BRH000143,HIGH,Legal Counsel,2026-06-10T16:07:33.047549,EMAIL,PENDING,45 CFR §164.404
BRH000144,CRITICAL,Chief Privacy Officer (CPO),2026-06-08T16:07:33.047549,EMAIL+PHONE,PENDING,45 CFR §164.404
BRH000144,CRITICAL,Chief Information Security Officer (CISO),2026-06-08T16:07:33.047549,EMAIL+PHONE,PENDING,45 CFR §164.404
BRH000144,CRITICAL,Legal Counsel,2026-06-08T16:07:33.047549,EMAIL+PHONE,PENDING,45 CFR §164.404
BRH000144,CRITICAL,HHS Office for Civil Rights (OCR),2026-06-08T16:07:33.047549,EMAIL+PHONE,PENDING,45 CFR §164.404
BRH000144,CRITICAL,Affected Patients,2026-06-08T16:07:33.047549,EMAIL+PHONE,PENDING,45 CFR §164.404
BRH000144,CRITICAL,Media (if >500 patients affected),2026-06-08T16:07:33.047549,EMAIL+PHONE,PENDING,45 CFR §164.404
BRH000145,CRITICAL,Chief Privacy Officer (CPO),2026-06-08T16:07:33.047549,EMAIL+PHONE,PENDING,45 CFR §164.404
BRH000145,CRITICAL,Chief Information Security Officer (CISO),2026-06-08T16:07:33.047549,EMAIL+PHONE,PENDING,45 CFR §164.404
BRH000145,CRITICAL,Legal Counsel,2026-06-08T16:07:33.047549,EMAIL+PHONE,PENDING,45 CFR §164.404
BRH000145,CRITICAL,HHS Office for Civil Rights (OCR),2026-06-08T16:07:33.047549,EMAIL+PHONE,PENDING,45 CFR §164.404
BRH000145,CRITICAL,Affected Patients,2026-06-08T16:07:33.047549,EMAIL+PHONE,PENDING,45 CFR §164.404
BRH000145,CRITICAL,Media (if >500 patients affected),2026-06-08T16:07:33.047549,EMAIL+PHONE,PENDING,45 CFR §164.404
BRH000146,CRITICAL,Chief Privacy Officer (CPO),2026-06-08T16:07:33.047549,EMAIL+PHONE,PENDING,45 CFR §164.404
BRH000146,CRITICAL,Chief Information Security Officer (CISO),2026-06-08T16:07:33.047549,EMAIL+PHONE,PENDING,45 CFR §164.404
BRH000146,CRITICAL,Legal Counsel,2026-06-08T16:07:33.047549,EMAIL+PHONE,PENDING,45 CFR §164.404
BRH000146,CRITICAL,HHS Office for Civil Rights (OCR),2026-06-08T16:07:33.047549,EMAIL+PHONE,PENDING,45 CFR §164.404
BRH000146,CRITICAL,Affected Patients,2026-06-08T16:07:33.047549,EMAIL+PHONE,PENDING,45 CFR §164.404
BRH000146,CRITICAL,Media (if >500 patients affected),2026-06-08T16:07:33.047549,EMAIL+PHONE,PENDING,45 CFR §164.404
BRH000147,MEDIUM,Chief Privacy Officer (CPO),2026-06-14T16:07:33.047549,EMAIL,PENDING,45 CFR §164.404
BRH000147,MEDIUM,Department Manager,2026-06-14T16:07:33.047549,EMAIL,PENDING,45 CFR §164.404
BRH000147,MEDIUM,IT Security Team,2026-06-14T16:07:33.047549,EMAIL,PENDING,45 CFR §164.404
BRH000148,MEDIUM,Chief Privacy Officer (CPO),2026-06-14T16:07:33.047549,EMAIL,PENDING,45 CFR §164.404
BRH000148,MEDIUM,Department Manager,2026-06-14T16:07:33.047549,EMAIL,PENDING,45 CFR §164.404
BRH000148,MEDIUM,IT Security Team,2026-06-14T16:07:33.047549,EMAIL,PENDING,45 CFR §164.404
BRH000149,CRITICAL,Chief Privacy Officer (CPO),2026-06-08T16:07:33.047549,EMAIL+PHONE,PENDING,45 CFR §164.404
BRH000149,CRITICAL,Chief Information Security Officer (CISO),2026-06-08T16:07:33.047549,EMAIL+PHONE,PENDING,45 CFR §164.404
BRH000149,CRITICAL,Legal Counsel,2026-06-08T16:07:33.047549,EMAIL+PHONE,PENDING,45 CFR §164.404
BRH000149,CRITICAL,HHS Office for Civil Rights (OCR),2026-06-08T16:07:33.047549,EMAIL+PHONE,PENDING,45 CFR §164.404
BRH000149,CRITICAL,Affected Patients,2026-06-08T16:07:33.047549,EMAIL+PHONE,PENDING,45 CFR §164.404
BRH000149,CRITICAL,Media (if >500 patients affected),2026-06-08T16:07:33.047549,EMAIL+PHONE,PENDING,45 CFR §164.404
BRH000150,HIGH,Chief Privacy Officer (CPO),2026-06-10T16:07:33.047549,EMAIL,PENDING,45 CFR §164.404
BRH000150,HIGH,Chief Information Security Officer (CISO),2026-06-10T16:07:33.047549,EMAIL,PENDING,45 CFR §164.404
BRH000150,HIGH,Department Manager,2026-06-10T16:07:33.047549,EMAIL,PENDING,45 CFR §164.404
BRH000150,HIGH,Legal Counsel,2026-06-10T16:07:33.047549,EMAIL,PENDING,45 CFR §164.404
BRH000151,CRITICAL,Chief Privacy Officer (CPO),2026-06-08T16:07:33.047549,EMAIL+PHONE,PENDING,45 CFR §164.404
BRH000151,CRITICAL,Chief Information Security Officer (CISO),2026-06-08T16:07:33.047549,EMAIL+PHONE,PENDING,45 CFR §164.404
BRH000151,CRITICAL,Legal Counsel,2026-06-08T16:07:33.047549,EMAIL+PHONE,PENDING,45 CFR §164.404
BRH000151,CRITICAL,HHS Office for Civil Rights (OCR),2026-06-08T16:07:33.047549,EMAIL+PHONE,PENDING,45 CFR §164.404
BRH000151,CRITICAL,Affected Patients,2026-06-08T16:07:33.047549,EMAIL+PHONE,PENDING,45 CFR §164.404
BRH000151,CRITICAL,Media (if >500 patients affected),2026-06-08T16:07:33.047549,EMAIL+PHONE,PENDING,45 CFR §164.404
BRH000152,CRITICAL,Chief Privacy Officer (CPO),2026-06-08T16:07:33.047549,EMAIL+PHONE,PENDING,45 CFR §164.404
BRH000152,CRITICAL,Chief Information Security Officer (CISO),2026-06-08T16:07:33.047549,EMAIL+PHONE,PENDING,45 CFR §164.404
BRH000152,CRITICAL,Legal Counsel,2026-06-08T16:07:33.047549,EMAIL+PHONE,PENDING,45 CFR §164.404
BRH000152,CRITICAL,HHS Office for Civil Rights (OCR),2026-06-08T16:07:33.047549,EMAIL+PHONE,PENDING,45 CFR §164.404
BRH000152,CRITICAL,Affected Patients,2026-06-08T16:07:33.047549,EMAIL+PHONE,PENDING,45 CFR §164.404
BRH000152,CRITICAL,Media (if >500 patients affected),2026-06-08T16:07:33.047549,EMAIL+PHONE,PENDING,45 CFR §164.404
BRH000153,CRITICAL,Chief Privacy Officer (CPO),2026-06-08T16:07:33.047549,EMAIL+PHONE,PENDING,45 CFR §164.404
BRH000153,CRITICAL,Chief Information Security Officer (CISO),2026-06-08T16:07:33.047549,EMAIL+PHONE,PENDING,45 CFR §164.404
BRH000153,CRITICAL,Legal Counsel,2026-06-08T16:07:33.047549,EMAIL+PHONE,PENDING,45 CFR §164.404
BRH000153,CRITICAL,HHS Office for Civil Rights (OCR),2026-06-08T16:07:33.047549,EMAIL+PHONE,PENDING,45 CFR §164.404
BRH000153,CRITICAL,Affected Patients,2026-06-08T16:07:33.047549,EMAIL+PHONE,PENDING,45 CFR §164.404
BRH000153,CRITICAL,Media (if >500 patients affected),2026-06-08T16:07:33.047549,EMAIL+PHONE,PENDING,45 CFR §164.404
BRH000154,HIGH,Chief Privacy Officer (CPO),2026-06-10T16:07:33.047549,EMAIL,PENDING,45 CFR §164.404
BRH000154,HIGH,Chief Information Security Officer (CISO),2026-06-10T16:07:33.047549,EMAIL,PENDING,45 CFR §164.404
BRH000154,HIGH,Department Manager,2026-06-10T16:07:33.047549,EMAIL,PENDING,45 CFR §164.404
BRH000154,HIGH,Legal Counsel,2026-06-10T16:07:33.047549,EMAIL,PENDING,45 CFR §164.404
BRH000155,CRITICAL,Chief Privacy Officer (CPO),2026-06-08T16:07:33.047549,EMAIL+PHONE,PENDING,45 CFR §164.404
BRH000155,CRITICAL,Chief Information Security Officer (CISO),2026-06-08T16:07:33.047549,EMAIL+PHONE,PENDING,45 CFR §164.404
BRH000155,CRITICAL,Legal Counsel,2026-06-08T16:07:33.047549,EMAIL+PHONE,PENDING,45 CFR §164.404
BRH000155,CRITICAL,HHS Office for Civil Rights (OCR),2026-06-08T16:07:33.047549,EMAIL+PHONE,PENDING,45 CFR §164.404
BRH000155,CRITICAL,Affected Patients,2026-06-08T16:07:33.047549,EMAIL+PHONE,PENDING,45 CFR §164.404
BRH000155,CRITICAL,Media (if >500 patients affected),2026-06-08T16:07:33.047549,EMAIL+PHONE,PENDING,45 CFR §164.404
